;id;bedrooms;bathrooms;sqft_living;sqft_lot;floors;waterfront;view;condition;grade;sqft_above;sqft_basement;yr_built;yr_renovated;zipcode;lat;long;sqft_living15;sqft_lot15;date;price;house_id;id.1;hist_houses;years_of_renovation;years_of_renovationv2;hist_houses_offers;neighborhood
1318;625059051;4.0;2.25;4370.0;22863.0;2.5;0.0;3.0;4;10;3670.0;;1907;1994.0;98033;47.6878;-122.215;2980.0;22863.0;2014-09-03;2350000.0;625059051;1769;1;87.0;87.0;Not Reformed: Without need for reformation;Kirkland
1344;629000704;4.0;2.0;1780.0;15648.0;1.5;0.0;0.0;5;8;1780.0;0.0;1918;;98004;47.5849;-122.198;2320.0;14963.0;2014-07-29;1000000.0;629000704;14594;1;9999.0;;Not Reformed: Without need for reformation;Yarrow Point
1664;809000820;2.0;1.75;1560.0;1750.0;1.0;;0.0;4;6;780.0;780.0;1904;;98109;47.6347;-122.355;1850.0;3600.0;2014-05-22;494400.0;809000820;3566;1;9999.0;;Not reformed;Seattle
1665;809000945;6.0;1.0;1730.0;2760.0;1.5;0.0;0.0;3;7;1250.0;480.0;1918;;98109;47.6342;-122.353;1630.0;3200.0;2015-01-06;563000.0;809000945;3610;1;9999.0;;Not reformed;Seattle
1666;809001060;4.0;1.5;2740.0;4000.0;2.0;0.0;0.0;5;9;1930.0;;1905;;98109;47.6343;-122.352;1680.0;4000.0;2014-05-13;1110000.0;809001060;14996;1;9999.0;;Not Reformed: Without need for reformation;Seattle
1667;809001070;3.0;1.0;1520.0;2500.0;1.5;0.0;0.0;3;8;1520.0;0.0;1912;;98109;47.6347;-122.352;1880.0;3600.0;2015-01-23;550000.0;809001070;1065;1;9999.0;;Not Reformed: Low cost reformations;Seattle
1668;809001400;3.0;1.0;1630.0;3200.0;1.5;0.0;0.0;4;8;1630.0;0.0;1912;;98109;47.6351;-122.352;1710.0;3600.0;2014-09-22;925000.0;809001400;9361;1;9999.0;;Not Reformed: Without need for reformation;Seattle
1669;809001505;3.0;2.0;2590.0;3750.0;1.5;0.0;0.0;5;7;1790.0;800.0;1904;;98109;47.635;-122.353;2440.0;4000.0;2014-09-18;885000.0;809001505;9860;1;9999.0;;Not reformed;Seattle
1671;809001525;4.0;1.0;2550.0;4000.0;2.0;0.0;0.0;3;8;2370.0;180.0;1905;;98109;47.6354;-122.353;2200.0;4000.0;2014-06-25;890000.0;809001525;147;1;9999.0;;Not Reformed: Low cost reformations;Seattle
1672;809001565;2.0;1.0;1100.0;4160.0;1.0;0.0;0.0;3;7;1100.0;0.0;1919;;98109;47.6352;-122.352;1900.0;4000.0;2014-08-22;625000.0;809001565;7537;1;9999.0;;Not reformed;Seattle
1673;809001965;3.0;1.5;1980.0;4000.0;2.0;0.0;0.0;3;8;1980.0;0.0;1919;;98109;47.6364;-122.351;1980.0;3600.0;2014-07-29;707000.0;809001965;19085;1;9999.0;;Not Reformed: Low cost reformations;Seattle
1676;809002215;5.0;2.0;3370.0;5000.0;1.5;0.0;0.0;4;7;2140.0;1230.0;1907;;98109;47.6373;-122.35;1920.0;3200.0;2014-05-19;762000.0;809002215;3999;1;9999.0;;Not reformed;Seattle
1677;809002290;4.0;3.0;2240.0;6000.0;1.5;0.0;0.0;4;8;1270.0;970.0;1914;;98109;47.6369;-122.35;2240.0;4250.0;2014-05-19;1190000.0;809002290;18909;1;9999.0;;Not Reformed: Without need for reformation;Seattle
1678;809002295;5.0;2.5;2810.0;6000.0;2.5;0.0;0.0;3;9;2810.0;0.0;1907;;98109;47.6367;-122.35;2240.0;4800.0;2014-10-29;1170000.0;809002295;13413;1;9999.0;;Not Reformed: Low cost reformations;Seattle
1679;809002390;3.0;1.5;1660.0;3190.0;1.5;0.0;0.0;3;7;1660.0;0.0;1919;;98109;47.6368;-122.351;2200.0;3240.0;2015-01-15;658000.0;809002390;7756;1;9999.0;;Not reformed;Seattle
1680;809002435;3.0;2.5;1940.0;4000.0;1.5;0.0;0.0;5;7;1940.0;0.0;1906;;98109;47.6372;-122.352;1440.0;4000.0;2014-08-08;725000.0;809002435;1148;1;9999.0;;Not reformed;Seattle
1681;809002485;3.0;1.5;1140.0;4800.0;1.5;0.0;0.0;3;7;1140.0;0.0;1915;;98109;47.6368;-122.354;1260.0;4800.0;2015-03-27;716000.0;809002485;3908;1;9999.0;;Not reformed;Seattle
1682;809002610;4.0;1.0;1150.0;2560.0;1.5;0.0;0.0;3;7;1150.0;0.0;1909;;98109;47.6368;-122.355;1890.0;3000.0;2014-07-18;485000.0;809002610;10874;1;9999.0;;Not reformed;Seattle
1683;809002675;3.0;2.0;1140.0;6000.0;1.0;0.0;0.0;3;7;1140.0;0.0;1909;;98109;47.637;-122.355;1260.0;4000.0;2015-04-13;660000.0;809002675;10150;1;9999.0;;Not reformed;Seattle
1684;809002680;4.0;1.75;2410.0;6000.0;1.5;0.0;0.0;3;8;2410.0;0.0;1911;;98109;47.6369;-122.355;1280.0;4000.0;2014-10-14;1440000.0;809002680;3684;1;9999.0;;Not Reformed: Low cost reformations;Seattle
1685;809002705;3.0;2.5;1370.0;1911.0;2.0;;0.0;3;9;1370.0;0.0;1907;2011.0;98109;47.6375;-122.354;1630.0;2090.0;2014-07-10;797000.0;809002705;15603;1;104.0;104.0;Not Reformed: Low cost reformations;Seattle
1686;809002765;3.0;1.0;1180.0;3400.0;1.5;;0.0;3;8;1180.0;0.0;1907;;98109;47.6376;-122.353;1440.0;3400.0;2014-10-22;610000.0;809002765;569;1;9999.0;;Not Reformed: Low cost reformations;Seattle
1688;809003105;3.0;2.0;1720.0;2000.0;1.5;;0.0;3;8;1060.0;660.0;1910;2000.0;98109;47.6384;-122.35;1590.0;4000.0;2015-04-08;935000.0;809003105;15222;1;90.0;90.0;Not Reformed: Low cost reformations;Seattle
1689;809003160;2.0;1.0;1100.0;4000.0;1.0;0.0;0.0;3;7;1100.0;0.0;1906;;98109;47.6388;-122.35;1590.0;4000.0;2014-12-18;570000.0;809003160;9101;1;9999.0;;Not reformed;Seattle
1787;853200040;5.0;2.5;4600.0;23250.0;1.5;0.0;2.0;3;9;3600.0;1000.0;1918;2003.0;98004;47.623;-122.218;5500.0;20066.0;2015-04-28;2410000.0;853200040;12701;1;85.0;85.0;Not Reformed: Low cost reformations;Yarrow Point
1988;955000060;2.0;2.0;1690.0;4200.0;2.0;0.0;0.0;3;7;1690.0;0.0;1906;;98112;47.621;-122.303;1540.0;4200.0;2014-09-30;462500.0;955000060;10296;1;9999.0;;Not reformed;Seattle
2725;1233100260;3.0;1.0;1260.0;9638.0;2.0;;0.0;4;7;1260.0;0.0;1920;;98033;47.6773;-122.178;1760.0;7822.0;2014-11-14;490000.0;1233100260;12080;1;9999.0;;Not reformed;Kirkland
2727;1233100351;3.0;1.0;1150.0;9048.0;1.0;0.0;0.0;2;7;1150.0;0.0;1922;;98033;47.6755;-122.177;1550.0;8207.0;2014-12-11;305000.0;1233100351;16390;1;9999.0;;Not reformed;Kirkland
2795;1245003160;4.0;2.25;2200.0;11250.0;1.5;0.0;0.0;5;7;1300.0;900.0;1920;;98033;47.6845;-122.201;2320.0;10814.0;2014-05-02;698000.0;1245003160;8884;1;9999.0;;Not reformed;Kirkland
3092;1336300445;4.0;3.0;3130.0;2646.0;2.5;0.0;0.0;5;9;2290.0;840.0;1906;;98102;47.6272;-122.316;2920.0;4500.0;2015-04-22;1270000.0;1336300445;1705;1;9999.0;;Not Reformed: Without need for reformation;Seattle
3093;1336300610;4.0;1.75;2040.0;5000.0;2.0;0.0;0.0;4;9;2040.0;0.0;1921;;98102;47.6279;-122.315;3220.0;5600.0;2015-04-02;1270000.0;1336300610;12645;1;9999.0;;Not Reformed: Without need for reformation;Seattle
3094;1336800010;5.0;2.25;4200.0;5800.0;2.5;0.0;0.0;4;9;2910.0;1290.0;1906;;98112;47.6284;-122.312;3060.0;5800.0;2014-06-13;1340000.0;1336800010;6765;1;9999.0;;Not Reformed: Without need for reformation;Seattle
3095;1336800015;4.0;3.25;3660.0;5800.0;2.5;0.0;;3;10;3360.0;300.0;1909;1995.0;98112;47.6283;-122.312;3240.0;5800.0;2014-05-21;1510000.0;1336800015;3151;1;86.0;86.0;Not Reformed: Low cost reformations;Seattle
3096;1336800065;4.0;2.25;3260.0;4640.0;2.0;0.0;0.0;5;9;2360.0;900.0;1907;;98112;47.6272;-122.312;3240.0;5800.0;2015-03-24;1330000.0;1336800065;13479;1;9999.0;;Not Reformed: Without need for reformation;Seattle
3097;1336800160;5.0;2.5;2920.0;5568.0;2.0;0.0;0.0;3;8;2320.0;600.0;1906;;98112;47.6265;-122.312;2970.0;5568.0;2014-06-05;875000.0;1336800160;2078;1;9999.0;;Not Reformed: Low cost reformations;Seattle
3098;1336800185;3.0;2.75;2500.0;5568.0;2.0;0.0;0.0;5;9;2500.0;0.0;1905;;98112;47.6258;-122.312;2810.0;5568.0;2014-06-17;1190000.0;1336800185;17164;1;9999.0;;Not Reformed: Without need for reformation;Seattle
3099;1336800240;6.0;3.0;3510.0;5760.0;2.5;0.0;0.0;4;10;3510.0;0.0;1906;;98112;47.6263;-122.312;3450.0;5760.0;2014-05-08;1750000.0;1336800240;11563;1;9999.0;;Not Reformed: Without need for reformation;Seattle
3100;1336800670;5.0;3.0;2840.0;6240.0;2.0;0.0;0.0;5;9;2440.0;400.0;1905;;98112;47.6285;-122.309;2940.0;6000.0;2014-12-29;1430000.0;1336800670;14959;1;9999.0;;Not Reformed: Without need for reformation;Seattle
3101;1336800880;4.0;2.25;3780.0;5160.0;2.0;0.0;0.0;4;9;2510.0;1270.0;1907;;98112;47.6275;-122.308;2740.0;5160.0;2014-08-22;1400000.0;1336800880;14001;1;9999.0;;Not Reformed: Without need for reformation;Seattle
3102;1337300070;4.0;2.25;3180.0;6105.0;2.0;;0.0;3;10;3180.0;0.0;1905;;98112;47.6255;-122.314;3180.0;6029.0;2014-09-24;1320000.0;1337300070;1816;1;9999.0;;Not Reformed: Low cost reformations;Seattle
3103;1337300145;4.0;2.5;3320.0;8325.0;2.5;0.0;0.0;5;10;3320.0;0.0;1905;;98112;47.6263;-122.314;3680.0;6050.0;2014-07-21;1800000.0;1337300145;19258;1;9999.0;;Not Reformed: Without need for reformation;Seattle
3104;1337800045;3.0;1.75;1660.0;4800.0;2.0;0.0;0.0;3;7;1660.0;0.0;1906;;98112;47.6296;-122.308;1660.0;4800.0;2014-10-01;625000.0;1337800045;2005;1;9999.0;;Not reformed;Seattle
3105;1337800220;4.0;2.5;2230.0;3600.0;2.0;0.0;0.0;5;8;1630.0;600.0;1906;;98112;47.6304;-122.309;2410.0;4800.0;2014-09-08;1000000.0;1337800220;19180;1;9999.0;;Not Reformed: Without need for reformation;Seattle
3106;1337800284;3.0;2.0;2250.0;2975.0;2.0;0.0;0.0;4;9;1880.0;370.0;1905;;98112;47.6289;-122.309;2690.0;4800.0;2014-08-27;950000.0;1337800284;6451;1;9999.0;;Not Reformed: Without need for reformation;Seattle
3107;1337800665;4.0;3.25;2850.0;4800.0;2.5;0.0;0.0;5;10;2700.0;;1905;;98112;47.6292;-122.312;2850.0;4800.0;2014-08-11;1330000.0;1337800665;18617;1;9999.0;;Not Reformed: Without need for reformation;Seattle
3108;1337800805;3.0;2.0;2360.0;4800.0;2.0;0.0;0.0;3;9;2360.0;0.0;1909;;98112;47.6317;-122.312;2260.0;4800.0;2014-07-03;1760000.0;1337800805;9600;1;9999.0;;Not Reformed: Low cost reformations;Seattle
3109;1337800830;3.0;1.75;2140.0;4800.0;2.0;0.0;0.0;3;8;1690.0;450.0;1905;;98112;47.6311;-122.312;2440.0;4800.0;2015-01-07;998500.0;1337800830;11023;1;9999.0;;Not Reformed: Low cost reformations;Seattle
3110;1337800855;3.0;1.5;2200.0;2880.0;2.0;0.0;0.0;5;7;1440.0;760.0;1904;;98112;47.6308;-122.312;2440.0;4640.0;2015-05-12;885000.0;1337800855;3298;1;9999.0;;Not reformed;Seattle
3111;1337801060;3.0;1.0;2050.0;4800.0;2.0;0.0;0.0;3;8;1950.0;100.0;1922;;98112;47.6315;-122.311;2220.0;4800.0;2015-03-05;1030000.0;1337801060;7470;1;9999.0;;Not Reformed: Low cost reformations;Seattle
3112;1338300010;3.0;2.25;2560.0;3996.0;1.5;0.0;0.0;3;8;2150.0;410.0;1910;;98112;47.6321;-122.306;2970.0;4320.0;2014-10-13;842500.0;1338300010;17361;1;9999.0;;Not Reformed: Low cost reformations;Seattle
3115;1338300555;6.0;2.25;2930.0;4320.0;2.0;0.0;0.0;3;9;2130.0;800.0;1913;;98112;47.6295;-122.306;2860.0;4320.0;2015-03-20;1230000.0;1338300555;14243;1;9999.0;;Not Reformed: Low cost reformations;Seattle
3118;1338600185;3.0;2.5;2740.0;5925.0;2.0;0.0;2.0;3;10;2740.0;0.0;1913;1992.0;98112;47.6313;-122.303;2740.0;5948.0;2014-06-24;1160000.0;1338600185;5665;1;79.0;79.0;Not Reformed: Low cost reformations;Seattle
3120;1338800280;4.0;1.5;2650.0;6900.0;2.0;0.0;0.0;4;9;2400.0;250.0;1909;;98112;47.6275;-122.305;2420.0;6900.0;2014-09-29;1460000.0;1338800280;17227;1;9999.0;;Not Reformed: Without need for reformation;Seattle
3121;1338800365;6.0;2.5;3560.0;6480.0;2.5;0.0;0.0;4;11;3560.0;0.0;1914;;98112;47.627;-122.304;2780.0;6480.0;2014-05-07;1500000.0;1338800365;14084;1;9999.0;;Not Reformed: Without need for reformation;Seattle
3122;1338800425;6.0;4.0;5110.0;7128.0;2.5;0.0;0.0;4;11;5110.0;0.0;1906;;98112;47.6285;-122.304;4110.0;6480.0;2015-03-04;2140000.0;1338800425;16707;1;9999.0;;Not Reformed: Without need for reformation;Seattle
3123;1338800430;3.0;1.75;2150.0;3503.0;2.0;0.0;0.0;3;8;1870.0;280.0;1921;;98112;47.6285;-122.303;3920.0;6402.0;2014-07-28;950000.0;1338800430;16613;1;9999.0;;Not Reformed: Low cost reformations;Seattle
3125;1338800785;4.0;3.0;2660.0;4600.0;1.5;0.0;0.0;3;8;1820.0;840.0;1906;;98112;47.6258;-122.305;2350.0;4600.0;2015-03-06;1230000.0;1338800785;9164;1;9999.0;;Not Reformed: Low cost reformations;Seattle
3128;1339300025;4.0;1.5;1840.0;4337.0;2.0;0.0;0.0;4;8;1840.0;0.0;1917;;98112;47.6312;-122.307;2250.0;4337.0;2014-06-02;809000.0;1339300025;7533;1;9999.0;;Not Reformed: Without need for reformation;Seattle
3129;1342300265;4.0;3.25;2470.0;4760.0;1.5;0.0;0.0;5;9;1890.0;580.0;1906;;98112;47.6331;-122.31;2470.0;4760.0;2014-10-01;1330000.0;1342300265;3008;1;9999.0;;Not Reformed: Without need for reformation;Seattle
3130;1344300045;2.0;1.0;1010.0;3885.0;1.5;0.0;0.0;4;7;1010.0;0.0;1906;;98112;47.6224;-122.304;1770.0;4200.0;2014-05-07;500000.0;1344300045;9743;1;9999.0;;Not reformed;Seattle
3132;1346300035;5.0;3.0;4480.0;5000.0;2.5;0.0;0.0;5;12;3420.0;1060.0;1902;;98112;47.6275;-122.315;3220.0;5600.0;2014-06-26;1990000.0;1346300035;17982;1;9999.0;;Not Reformed: Without need for reformation;Seattle
3133;1346300150;8.0;4.0;7710.0;11750.0;3.5;0.0;0.0;5;12;6090.0;1620.0;1904;;98112;47.6263;-122.314;4210.0;8325.0;2014-10-20;3300000.0;1346300150;18463;1;9999.0;;Not Reformed: Without need for reformation;Seattle
4064;1689400375;4.0;3.25;3100.0;3900.0;2.0;0.0;2.0;5;9;2090.0;;1923;;98109;47.6385;-122.348;2110.0;3900.0;2014-08-05;1450000.0;1689400375;7807;1;9999.0;;Not Reformed: Without need for reformation;Seattle
4065;1689401230;3.0;1.5;2680.0;4775.0;2.0;0.0;2.0;5;8;1880.0;800.0;1913;;98109;47.6333;-122.347;2280.0;5947.0;2014-06-25;1360000.0;1689401230;10234;1;9999.0;;Not Reformed: Without need for reformation;Seattle
4190;1732800175;3.0;2.5;2650.0;2387.0;2.0;0.0;0.0;3;8;1830.0;820.0;1920;;98119;47.6315;-122.362;1870.0;2216.0;2014-06-30;850000.0;1732800175;13869;1;9999.0;;Not Reformed: Low cost reformations;Seattle
4195;1732800780;5.0;3.0;4150.0;7500.0;2.5;0.0;4.0;5;11;3510.0;640.0;1909;;98119;47.6303;-122.362;2250.0;4050.0;2015-02-12;3070000.0;1732800780;15245;1;9999.0;;Not Reformed: Without need for reformation;Seattle
4196;1732800820;4.0;2.5;2440.0;3600.0;2.5;;0.0;4;8;2440.0;0.0;1902;;98119;47.6298;-122.362;2440.0;5440.0;2014-06-19;1330000.0;1732800820;3866;1;9999.0;;Not Reformed: Without need for reformation;Seattle
4390;1778500015;3.0;1.5;1940.0;4000.0;1.5;0.0;0.0;3;8;1310.0;630.0;1915;;98112;47.6205;-122.291;1940.0;4000.0;2014-10-16;728000.0;1778500015;3072;1;9999.0;;Not Reformed: Low cost reformations;Seattle
4451;1794500360;2.0;1.0;1470.0;5400.0;1.5;;0.0;3;8;1470.0;0.0;1912;;98119;47.6391;-122.36;1760.0;3573.0;2015-04-23;865000.0;1794500360;7619;1;9999.0;;Not Reformed: Low cost reformations;Seattle
4452;1794500383;3.0;1.75;2450.0;2691.0;2.0;0.0;0.0;3;8;1750.0;700.0;1915;;98119;47.6386;-122.36;1760.0;3573.0;2014-06-26;937000.0;1794500383;27;1;9999.0;;Not Reformed: Low cost reformations;Seattle
4453;1794500695;2.0;1.5;1110.0;3600.0;1.0;0.0;0.0;5;7;1110.0;0.0;1904;;98119;47.6382;-122.359;1670.0;5400.0;2015-03-04;750000.0;1794500695;10356;1;9999.0;;Not reformed;Seattle
4454;1794500870;3.0;1.0;1400.0;2250.0;1.5;0.0;0.0;3;7;1400.0;0.0;1909;;98119;47.6373;-122.358;1630.0;3600.0;2015-03-27;710000.0;1794500870;13174;1;9999.0;;Not reformed;Seattle
4455;1794501390;3.0;1.5;2540.0;2700.0;2.0;0.0;0.0;4;8;1630.0;910.0;1922;;98119;47.637;-122.361;2520.0;5400.0;2015-05-01;1190000.0;1794501390;4295;1;9999.0;;Not Reformed: Without need for reformation;Seattle
4456;1794501415;3.0;2.0;2520.0;5400.0;1.5;0.0;0.0;4;8;1410.0;1110.0;1906;;98119;47.6365;-122.361;1960.0;5400.0;2014-05-28;840500.0;1794501415;12514;1;9999.0;;Not Reformed: Without need for reformation;Seattle
4509;1797501275;5.0;2.75;2670.0;4000.0;2.0;0.0;0.0;4;7;1800.0;870.0;1914;;98105;47.6711;-122.315;2460.0;4000.0;2015-05-07;665000.0;1797501275;9893;1;9999.0;;Not reformed;Seattle
4686;1860600135;5.0;2.5;3650.0;9050.0;2.0;0.0;4.0;5;10;3370.0;280.0;1921;;98119;47.6345;-122.367;2880.0;5400.0;2014-05-02;2380000.0;1860600135;313;1;9999.0;;Not Reformed: Without need for reformation;Seattle
4687;1860600290;3.0;2.25;1670.0;4800.0;1.5;;3.0;3;8;1670.0;0.0;1903;;98119;47.6356;-122.367;2300.0;4800.0;2014-06-27;1020000.0;1860600290;16636;1;9999.0;;Not Reformed: Low cost reformations;Seattle
4688;1860600535;4.0;3.0;2120.0;3600.0;2.0;0.0;3.0;4;8;1830.0;290.0;1908;1996.0;98119;47.6344;-122.369;2120.0;3600.0;2014-12-20;1320000.0;1860600535;7530;1;88.0;88.0;Not Reformed: Without need for reformation;Seattle
4691;1861400060;4.0;1.75;2010.0;3600.0;1.5;0.0;0.0;3;7;2010.0;0.0;1902;;98119;47.6337;-122.371;2010.0;3600.0;2014-05-05;740000.0;1861400060;11288;1;9999.0;;Not reformed;Seattle
4692;1861400068;2.0;1.0;860.0;1800.0;1.0;0.0;0.0;3;7;860.0;0.0;1909;;98119;47.6334;-122.371;2160.0;3120.0;2014-09-11;390000.0;1861400068;18808;1;9999.0;;Not reformed;Seattle
4768;1890000225;6.0;1.75;2380.0;4080.0;2.0;;0.0;3;8;2380.0;0.0;1917;;98105;47.6629;-122.325;2030.0;4080.0;2014-06-20;725000.0;1890000225;17372;1;9999.0;;Not Reformed: Low cost reformations;Seattle
4769;1890000250;2.0;1.5;1640.0;4080.0;1.5;0.0;0.0;5;7;1540.0;100.0;1916;;98105;47.6624;-122.325;1880.0;4080.0;2014-06-27;710000.0;1890000250;16509;1;9999.0;;Not reformed;Seattle
4770;1890000275;3.0;1.5;1940.0;3570.0;2.0;0.0;0.0;4;8;1740.0;200.0;1916;;98105;47.6618;-122.325;1580.0;3570.0;2015-04-29;815000.0;1890000275;17325;1;9999.0;;Not Reformed: Without need for reformation;Seattle
4805;1912100885;3.0;1.5;1760.0;4000.0;2.0;0.0;0.0;3;8;1760.0;0.0;1922;;98102;47.6401;-122.32;1760.0;4000.0;2014-07-02;690000.0;1912100885;11089;1;9999.0;;Not Reformed: Low cost reformations;Seattle
4905;1929300305;4.0;3.75;3520.0;3944.0;1.5;0.0;0.0;5;8;2200.0;1320.0;1913;;98109;47.6424;-122.348;2310.0;4725.0;2014-06-23;1220000.0;1929300305;15454;1;9999.0;;Not Reformed: Without need for reformation;Seattle
4987;1952200240;3.0;2.5;2070.0;13241.0;1.5;0.0;0.0;5;9;1270.0;800.0;1910;;98102;47.6415;-122.315;2200.0;4500.0;2014-06-11;850830.0;1952200240;101;1;9999.0;;Not Reformed: Without need for reformation;Seattle
5011;1954700610;3.0;2.25;3360.0;7108.0;2.0;0.0;0.0;3;10;2770.0;590.0;1905;2004.0;98112;47.6187;-122.284;3450.0;8558.0;2014-12-09;2190000.0;1954700610;8216;1;99.0;99.0;Not Reformed: Low cost reformations;Seattle
5012;1954700615;4.0;1.5;2040.0;6900.0;2.0;0.0;0.0;3;9;2040.0;0.0;1903;;98112;47.6188;-122.285;3150.0;8220.0;2014-10-22;825000.0;1954700615;4444;1;9999.0;;Not Reformed: Low cost reformations;Seattle
5013;1954700695;5.0;4.25;4860.0;9453.0;1.5;0.0;1.0;5;10;3100.0;1760.0;1905;;98112;47.6196;-122.286;3150.0;8557.0;2014-06-12;2250000.0;1954700695;780;1;9999.0;;Not Reformed: Without need for reformation;Seattle
5016;1959700540;3.0;2.5;2450.0;4400.0;2.0;0.0;0.0;4;9;1800.0;650.0;1922;;98102;47.6439;-122.319;2220.0;5500.0;2014-11-04;952000.0;1959700540;14828;1;9999.0;;Not Reformed: Without need for reformation;Seattle
5017;1959700550;4.0;2.0;2050.0;4400.0;1.5;0.0;0.0;4;9;2050.0;0.0;1922;;98102;47.644;-122.319;2320.0;5500.0;2014-09-05;740000.0;1959700550;328;1;9999.0;;Not Reformed: Without need for reformation;Seattle
5018;1959701695;5.0;2.0;2940.0;5500.0;2.0;0.0;0.0;4;9;2340.0;600.0;1909;;98102;47.6466;-122.321;2940.0;5500.0;2014-11-24;950000.0;1959701695;18941;1;9999.0;;Not Reformed: Without need for reformation;Seattle
5019;1959701745;6.0;2.25;4910.0;6600.0;2.5;;0.0;5;10;3580.0;1330.0;1910;;98102;47.6458;-122.32;3280.0;5500.0;2014-11-07;1680000.0;1959701745;3336;1;9999.0;;Not Reformed: Without need for reformation;Seattle
5020;1959701800;3.0;3.5;4660.0;5500.0;2.0;0.0;4.0;5;10;3040.0;1620.0;1909;;98102;47.6465;-122.319;2980.0;5500.0;2014-07-02;2150000.0;1959701800;18754;1;9999.0;;Not Reformed: Without need for reformation;Seattle
5021;1959701890;4.0;1.75;1800.0;4180.0;2.0;;3.0;4;8;1800.0;0.0;1921;;98102;47.6462;-122.318;2180.0;4620.0;2014-07-29;865000.0;1959701890;674;1;9999.0;;Not Reformed: Without need for reformation;Seattle
5026;1962200145;3.0;1.75;2060.0;3300.0;2.0;0.0;0.0;4;9;1500.0;560.0;1918;;98102;47.6498;-122.32;1830.0;3712.0;2015-03-20;810000.0;1962200145;14120;1;9999.0;;Not Reformed: Without need for reformation;Seattle
5027;1962200435;4.0;1.0;1820.0;5400.0;1.5;;0.0;3;8;1820.0;;1923;2014.0;98102;47.6476;-122.318;1820.0;5400.0;2014-11-10;1010000.0;1962200435;891;1;91.0;91.0;Not Reformed: Low cost reformations;Seattle
5028;1962200475;3.0;2.0;2350.0;6000.0;1.5;0.0;0.0;4;8;1990.0;360.0;1922;;98102;47.6476;-122.32;2010.0;5040.0;2014-07-25;875000.0;1962200475;8339;1;9999.0;;Not Reformed: Without need for reformation;Seattle
5030;1965200010;2.0;1.0;1110.0;3500.0;1.5;0.0;0.0;3;6;970.0;140.0;1912;;98102;47.6453;-122.327;1884.0;1778.0;2014-11-10;600000.0;1965200010;5042;1;9999.0;;Not reformed;Seattle
5191;2025049006;7.0;2.75;3410.0;4056.0;1.5;0.0;0.0;4;8;2130.0;;1906;;98102;47.6454;-122.316;2510.0;4056.0;2014-11-12;750000.0;2025049006;4714;1;9999.0;;Not Reformed: Without need for reformation;Seattle
5192;2025049025;4.0;2.0;2450.0;4400.0;1.0;0.0;0.0;3;7;1450.0;1000.0;1913;1980.0;98102;47.6414;-122.327;1890.0;1386.0;2015-03-25;800000.0;2025049025;13312;1;67.0;67.0;Not reformed;Seattle
5194;2025049064;3.0;1.0;1980.0;3243.0;1.5;0.0;0.0;3;8;1980.0;0.0;1912;;98102;47.6429;-122.327;1380.0;1249.0;2014-09-15;796000.0;2025049064;4401;1;9999.0;;Not Reformed: Low cost reformations;Seattle
5416;2125049024;4.0;2.25;2870.0;6280.0;1.5;0.0;0.0;4;9;1980.0;890.0;1905;;98112;47.6329;-122.31;2370.0;4760.0;2014-06-20;1330000.0;2125049024;6004;1;9999.0;;Not Reformed: Without need for reformation;Seattle
5480;2138700345;4.0;2.5;2430.0;6325.0;2.0;0.0;0.0;4;8;2020.0;410.0;1919;;98109;47.6413;-122.354;2340.0;4375.0;2014-08-18;990000.0;2138700345;6716;1;9999.0;;Not Reformed: Without need for reformation;Seattle
5542;2163900028;2.0;1.0;1070.0;2880.0;1.0;0.0;0.0;3;7;1070.0;0.0;1902;;98102;47.6261;-122.324;2030.0;2880.0;2015-01-28;350000.0;2163900028;8259;1;9999.0;;Not reformed;Seattle
5648;2207500695;4.0;2.5;2960.0;4760.0;2.0;0.0;0.0;3;8;2160.0;800.0;1900;;98102;47.6367;-122.318;1600.0;4760.0;2015-03-04;1020000.0;2207500695;2006;1;9999.0;;Not Reformed: Low cost reformations;Seattle
5649;2207500880;3.0;1.0;1580.0;4000.0;2.0;0.0;0.0;3;8;1580.0;0.0;1905;;98102;47.6363;-122.32;2190.0;4000.0;2014-07-28;690000.0;2207500880;13422;1;9999.0;;Not Reformed: Low cost reformations;Seattle
5698;2218000335;3.0;1.75;1320.0;2500.0;1.0;0.0;0.0;3;7;870.0;450.0;1918;;98105;47.6681;-122.305;1580.0;2750.0;2014-07-07;530000.0;2218000335;648;1;9999.0;;Not reformed;Seattle
5699;2218000390;5.0;2.0;2060.0;6000.0;2.0;0.0;0.0;3;7;2060.0;0.0;1903;;98105;47.6685;-122.305;1770.0;5000.0;2014-06-12;580000.0;2218000390;2699;1;9999.0;;Not reformed;Seattle
5760;2249500059;3.0;2.0;1810.0;2159.0;1.0;0.0;0.0;3;7;1010.0;800.0;1922;;98109;47.6273;-122.345;1810.0;2159.0;2015-01-07;550000.0;2249500059;1667;1;9999.0;;Not reformed;Seattle
6054;2397100155;3.0;1.75;920.0;3600.0;1.0;0.0;0.0;4;6;820.0;100.0;1904;;98119;47.6386;-122.365;1620.0;3600.0;2015-02-24;589000.0;2397100155;14231;1;9999.0;;Not reformed;Seattle
6055;2397100560;3.0;1.75;1510.0;3600.0;1.0;0.0;0.0;5;8;1230.0;280.0;1910;;98119;47.6387;-122.363;1300.0;3600.0;2014-11-21;800000.0;2397100560;11627;1;9999.0;;Not Reformed: Without need for reformation;Seattle
6056;2397100705;4.0;4.25;3650.0;5328.0;1.5;0.0;0.0;3;9;2330.0;1320.0;1907;2014.0;98119;47.638;-122.362;1710.0;3600.0;2014-07-14;1520000.0;2397100705;19262;1;107.0;107.0;Not Reformed: Low cost reformations;Seattle
6057;2397100975;6.0;3.0;2980.0;7200.0;1.5;0.0;2.0;3;8;2980.0;0.0;1911;;98119;47.6366;-122.362;1720.0;3600.0;2015-02-20;1310000.0;2397100975;12806;1;9999.0;;Not Reformed: Low cost reformations;Seattle
6058;2397101055;3.0;2.25;1950.0;3600.0;1.5;0.0;0.0;5;8;1430.0;520.0;1911;;98119;47.637;-122.363;1950.0;3600.0;2014-08-12;850000.0;2397101055;18882;1;9999.0;;Not Reformed: Without need for reformation;Seattle
6059;2397101075;2.0;1.5;1570.0;3600.0;1.5;0.0;2.0;4;7;1320.0;250.0;1906;;98119;47.6366;-122.363;2140.0;3600.0;2014-07-02;782000.0;2397101075;14460;1;9999.0;;Not reformed;Seattle
6061;2397101200;4.0;3.0;2790.0;3600.0;2.0;0.0;0.0;3;8;1880.0;910.0;1905;2013.0;98119;47.6362;-122.363;1360.0;3600.0;2014-12-21;1050000.0;2397101200;1903;1;108.0;108.0;Not Reformed: Low cost reformations;Seattle
6062;2397101270;3.0;2.0;1420.0;3600.0;1.5;0.0;0.0;4;7;1420.0;0.0;1904;;98119;47.6367;-122.364;1250.0;3600.0;2015-01-26;716000.0;2397101270;4486;1;9999.0;;Not reformed;Seattle
6063;2397101375;2.0;1.0;980.0;3600.0;1.0;0.0;0.0;3;6;980.0;0.0;1907;;98119;47.6366;-122.365;1690.0;3600.0;2015-04-28;595000.0;2397101375;11225;1;9999.0;;Not reformed;Seattle
6064;2397101460;2.0;2.0;1313.0;3600.0;1.0;0.0;0.0;3;8;1313.0;0.0;1904;2012.0;98119;47.6369;-122.365;1080.0;3600.0;2014-08-11;885000.0;2397101460;19465;1;108.0;108.0;Not Reformed: Low cost reformations;Seattle
6065;2397101606;6.0;4.75;5540.0;7200.0;2.5;0.0;2.0;4;11;3950.0;1590.0;1909;;98119;47.6361;-122.366;2930.0;7200.0;2014-12-08;2630000.0;2397101606;18395;1;9999.0;;Not Reformed: Without need for reformation;Seattle
6164;2425039017;3.0;2.0;1750.0;2640.0;1.0;0.0;0.0;3;8;1010.0;740.0;1914;2005.0;98119;47.6419;-122.368;1750.0;4560.0;2014-09-04;808250.0;2425039017;11548;1;91.0;91.0;Not Reformed: Low cost reformations;Seattle
6210;2436700315;2.0;1.75;1010.0;4000.0;1.5;0.0;0.0;5;7;1010.0;0.0;1919;;98105;47.6665;-122.287;1470.0;4000.0;2014-10-14;441500.0;2436700315;7940;1;9999.0;;Not reformed;Seattle
6217;2436700800;3.0;2.25;1720.0;4000.0;1.5;0.0;0.0;4;7;1450.0;270.0;1921;;98105;47.6683;-122.286;1410.0;4000.0;2014-05-16;620000.0;2436700800;11153;1;9999.0;;Not reformed;Seattle
6567;2533300025;3.0;1.5;1830.0;4000.0;1.0;0.0;0.0;4;7;1350.0;480.0;1910;;98119;47.6453;-122.371;1570.0;3672.0;2014-07-10;740000.0;2533300025;18743;1;9999.0;;Not reformed;Seattle
6568;2533300130;3.0;2.5;1630.0;2640.0;2.0;0.0;0.0;5;8;1630.0;0.0;1919;;98119;47.6452;-122.371;1630.0;3000.0;2014-07-16;800000.0;2533300130;5109;1;9999.0;;Not Reformed: Without need for reformation;Seattle
6569;2533300680;3.0;2.5;2860.0;4500.0;2.0;0.0;2.0;3;8;1980.0;880.0;1915;;98119;47.6463;-122.371;2310.0;4500.0;2014-10-07;1230000.0;2533300680;15107;1;9999.0;;Not Reformed: Low cost reformations;Seattle
6657;2568300210;5.0;2.5;2670.0;16777.0;1.5;0.0;0.0;4;7;1620.0;1050.0;1920;;98125;47.7015;-122.301;1610.0;8227.0;2014-06-28;585000.0;2568300210;12476;1;9999.0;;Not reformed;Seattle
6969;2652500155;4.0;1.75;1820.0;4500.0;1.5;0.0;0.0;3;8;1820.0;0.0;1921;;98119;47.6429;-122.36;1870.0;3600.0;2014-10-29;815000.0;2652500155;14219;1;9999.0;;Not Reformed: Low cost reformations;Seattle
6970;2652500210;2.0;1.0;1390.0;3600.0;1.0;0.0;0.0;4;7;1010.0;380.0;1913;;98119;47.6422;-122.36;1590.0;3600.0;2014-08-25;608000.0;2652500210;12536;1;9999.0;;Not reformed;Seattle
6971;2652500225;3.0;2.75;1710.0;3600.0;1.0;;0.0;3;7;1590.0;120.0;1909;;98119;47.642;-122.36;1710.0;3600.0;2014-10-10;575000.0;2652500225;16391;1;9999.0;;Not reformed;Seattle
6974;2652500740;4.0;2.25;2190.0;4080.0;2.0;0.0;0.0;3;8;1800.0;390.0;1918;;98119;47.6425;-122.358;2100.0;4080.0;2014-06-18;855000.0;2652500740;18800;1;9999.0;;Not Reformed: Low cost reformations;Seattle
6975;2652500795;4.0;2.5;2730.0;4800.0;1.5;0.0;0.0;5;8;2230.0;500.0;1909;;98119;47.642;-122.358;2190.0;4200.0;2014-06-09;980000.0;2652500795;16572;1;9999.0;;Not Reformed: Without need for reformation;Seattle
6978;2652501513;3.0;2.0;1560.0;3200.0;1.5;0.0;0.0;3;7;1560.0;0.0;1910;2007.0;98109;47.6398;-122.356;1240.0;3600.0;2014-08-13;539950.0;2652501513;18304;1;97.0;97.0;Not reformed;Seattle
6980;2652501630;3.0;1.5;1410.0;3600.0;1.0;0.0;0.0;3;7;1410.0;0.0;1906;;98109;47.6402;-122.357;1370.0;3600.0;2015-05-04;626700.0;2652501630;6165;1;9999.0;;Not reformed;Seattle
6991;2663000050;4.0;1.0;1570.0;4000.0;1.5;0.0;0.0;3;7;1570.0;0.0;1920;;98102;47.6275;-122.321;1610.0;4000.0;2014-09-26;525000.0;2663000050;5184;1;9999.0;;Not reformed;Seattle
6993;2663000580;4.0;1.0;1820.0;4000.0;2.0;0.0;0.0;3;8;1820.0;0.0;1923;;98102;47.6259;-122.321;2050.0;4000.0;2014-09-19;825000.0;2663000580;13641;1;9999.0;;Not Reformed: Low cost reformations;Seattle
7042;2721600010;3.0;1.75;2190.0;3800.0;1.5;0.0;2.0;4;8;2190.0;0.0;1923;;98109;47.643;-122.355;2190.0;3880.0;2015-01-07;988000.0;2721600010;17067;1;9999.0;;Not Reformed: Without need for reformation;Seattle
7043;2721600125;5.0;2.75;2560.0;5618.0;1.5;0.0;2.0;3;8;2220.0;340.0;1923;;98109;47.6416;-122.355;2740.0;4000.0;2015-02-05;1180000.0;2721600125;1767;1;9999.0;;Not Reformed: Low cost reformations;Seattle
7320;2770604615;4.0;2.0;1640.0;6000.0;1.5;0.0;0.0;4;9;1640.0;0.0;1911;;98119;47.6505;-122.375;1900.0;6000.0;2014-11-21;735000.0;2770604615;15141;1;9999.0;;Not Reformed: Without need for reformation;Seattle
7323;2770604925;5.0;1.0;1670.0;6400.0;1.5;;0.0;3;8;1670.0;0.0;1919;;98119;47.6542;-122.373;1910.0;2983.0;2014-07-15;1300000.0;2770604925;8331;1;9999.0;;Not Reformed: Low cost reformations;Seattle
7325;2770605065;2.0;1.0;1180.0;6000.0;1.0;0.0;0.0;3;7;1180.0;0.0;1910;;98119;47.6531;-122.373;1600.0;6000.0;2014-11-18;450000.0;2770605065;3175;1;9999.0;;Not reformed;Seattle
7327;2770605420;2.0;0.75;1040.0;4000.0;1.0;0.0;0.0;3;7;930.0;110.0;1909;;98119;47.6489;-122.372;1700.0;4800.0;2014-09-16;550000.0;2770605420;18976;1;9999.0;;Not reformed;Seattle
7343;2771104830;4.0;3.75;2690.0;4000.0;2.0;0.0;3.0;4;9;2120.0;570.0;1909;1989.0;98119;47.6418;-122.372;2830.0;4000.0;2014-06-11;800000.0;2771104830;5743;1;80.0;80.0;Not Reformed: Without need for reformation;Seattle
7576;2851200100;4.0;1.75;2130.0;5080.0;1.5;0.0;0.0;3;8;2130.0;0.0;1914;;98119;47.6427;-122.363;1900.0;5080.0;2014-07-01;955500.0;2851200100;3443;1;9999.0;;Not Reformed: Low cost reformations;Seattle
7600;2862100205;5.0;2.0;1220.0;4200.0;1.0;0.0;0.0;4;6;1090.0;130.0;1921;;98105;47.6677;-122.321;1790.0;4200.0;2014-09-30;469950.0;2862100205;12964;1;9999.0;;Not reformed;Seattle
7601;2862100260;4.0;1.75;1840.0;4280.0;1.0;0.0;0.0;4;7;920.0;920.0;1918;;98105;47.6681;-122.32;1660.0;4280.0;2014-10-03;540000.0;2862100260;9805;1;9999.0;;Not reformed;Seattle
7602;2862100366;7.0;2.75;3110.0;4400.0;1.5;0.0;0.0;5;7;2010.0;1100.0;1914;;98105;47.6684;-122.319;1240.0;4280.0;2014-10-15;730000.0;2862100366;12594;1;9999.0;;Not reformed;Seattle
7607;2867100005;2.0;1.0;1700.0;3040.0;1.5;0.0;0.0;3;8;1460.0;240.0;1914;;98119;47.6442;-122.369;1620.0;3230.0;2015-04-07;710000.0;2867100005;5612;1;9999.0;;Not Reformed: Low cost reformations;Seattle
7608;2867100007;3.0;1.0;1260.0;3230.0;1.5;0.0;0.0;3;7;1260.0;0.0;1907;;98119;47.644;-122.369;1700.0;3500.0;2015-02-23;485000.0;2867100007;16474;1;9999.0;;Not reformed;Seattle
7760;2902200015;9.0;3.0;3680.0;4400.0;2.0;0.0;0.0;3;7;2830.0;850.0;1908;;98102;47.6374;-122.324;1960.0;2450.0;2015-01-06;700000.0;2902200015;4232;1;9999.0;;Not reformed;Seattle
7762;2902200076;3.0;3.0;2060.0;3200.0;2.0;0.0;0.0;3;8;2060.0;0.0;1907;;98102;47.637;-122.324;1760.0;2669.0;2015-01-28;800000.0;2902200076;17653;1;9999.0;;Not Reformed: Low cost reformations;Seattle
7769;2902200874;5.0;3.0;2230.0;4400.0;2.0;0.0;0.0;3;7;1730.0;500.0;1913;;98102;47.6404;-122.325;1280.0;1800.0;2015-04-10;920000.0;2902200874;14058;1;9999.0;;Not reformed;Seattle
7770;2902200915;3.0;1.75;2130.0;4400.0;1.0;0.0;0.0;3;7;1430.0;700.0;1922;;98102;47.6417;-122.325;1710.0;3300.0;2014-11-25;675000.0;2902200915;14104;1;9999.0;;Not reformed;Seattle
8038;3024059014;4.0;2.25;3020.0;11489.0;1.5;1.0;3.0;5;10;2110.0;910.0;1916;;98040;47.5395;-122.21;3890.0;11489.0;2015-03-25;1900000.0;3024059014;7880;1;9999.0;;Not Reformed: Without need for reformation;Mercer Island
8053;3025059072;4.0;2.5;3910.0;22710.0;1.5;0.0;0.0;3;8;3910.0;0.0;1908;2003.0;98004;47.6295;-122.217;2920.0;16544.0;2014-07-25;1750000.0;3025059072;12814;1;95.0;95.0;Not Reformed: Low cost reformations;Yarrow Point
8115;3043200035;2.0;1.0;910.0;2002.0;1.5;0.0;0.0;3;6;910.0;0.0;1900;;98112;47.6188;-122.306;1190.0;1208.0;2014-07-01;600000.0;3043200035;14362;1;9999.0;;Not reformed;Seattle
8240;3131200640;4.0;2.0;1830.0;4590.0;2.0;0.0;0.0;3;8;1830.0;0.0;1908;;98105;47.6593;-122.327;1650.0;4590.0;2015-04-27;700000.0;3131200640;1000;1;9999.0;;Not Reformed: Low cost reformations;Seattle
8241;3131201105;3.0;1.75;1850.0;5100.0;1.0;0.0;0.0;3;7;1020.0;830.0;1909;;98105;47.6605;-122.326;1850.0;5100.0;2014-07-09;580000.0;3131201105;18929;1;9999.0;;Not reformed;Seattle
8242;3131201290;4.0;2.5;2660.0;3672.0;2.0;0.0;0.0;5;8;1800.0;860.0;1910;;98105;47.6609;-122.324;1510.0;3825.0;2015-03-17;900000.0;3131201290;1169;1;9999.0;;Not Reformed: Without need for reformation;Seattle
8243;3131201310;5.0;1.0;1280.0;3876.0;1.5;0.0;0.0;3;7;1280.0;0.0;1923;;98105;47.6605;-122.324;1420.0;3825.0;2014-09-30;525000.0;3131201310;5746;1;9999.0;;Not reformed;Seattle
8246;3131201865;4.0;1.5;1550.0;3000.0;1.5;0.0;0.0;3;7;1350.0;200.0;1918;;98105;47.6604;-122.324;1710.0;5535.0;2014-06-17;458000.0;3131201865;4374;1;9999.0;;Not reformed;Seattle
8788;3303700376;3.0;1.0;1400.0;1581.0;1.5;0.0;0.0;5;8;1400.0;0.0;1909;;98112;47.6221;-122.314;1860.0;3861.0;2014-12-01;667000.0;3303700376;28;1;9999.0;;Not Reformed: Without need for reformation;Seattle
9562;3528900060;3.0;2.5;2490.0;4000.0;2.0;0.0;0.0;5;8;1670.0;820.0;1918;;98109;47.6403;-122.35;2310.0;4000.0;2014-06-26;1150000.0;3528900060;10450;1;9999.0;;Not Reformed: Without need for reformation;Seattle
9566;3528900401;3.0;3.25;3140.0;5445.0;2.0;0.0;3.0;4;10;2240.0;900.0;1913;;98109;47.6406;-122.347;2950.0;5250.0;2014-07-01;1640000.0;3528900401;13621;1;9999.0;;Not Reformed: Without need for reformation;Seattle
9782;3592500340;5.0;2.75;2520.0;4643.0;1.5;0.0;0.0;4;8;2120.0;400.0;1916;;98112;47.6348;-122.301;2100.0;4564.0;2015-03-13;1100000.0;3592500340;10071;1;9999.0;;Not Reformed: Without need for reformation;Seattle
9783;3592500565;2.0;1.0;1530.0;6350.0;1.5;0.0;0.0;4;7;1530.0;0.0;1923;;98112;47.6325;-122.303;2640.0;6350.0;2014-10-29;880000.0;3592500565;1627;1;9999.0;;Not reformed;Seattle
9786;3592500985;4.0;2.5;2350.0;4675.0;2.0;0.0;0.0;3;9;2150.0;200.0;1923;;98112;47.6344;-122.305;2240.0;3848.0;2015-05-04;880000.0;3592500985;3928;1;9999.0;;Not Reformed: Low cost reformations;Seattle
10220;3758900150;2.0;1.0;1430.0;13300.0;1.5;0.0;0.0;3;6;1230.0;200.0;1921;;98033;47.6996;-122.203;1950.0;11421.0;2014-08-26;425000.0;3758900150;12661;1;9999.0;;Not reformed;Kirkland
10531;3856901760;2.0;1.0;1860.0;3400.0;1.0;0.0;0.0;3;7;1010.0;850.0;1920;;98105;47.6714;-122.329;1540.0;3997.0;2014-12-15;730000.0;3856901760;14951;1;9999.0;;Not reformed;Seattle
10532;3856901880;2.0;1.0;920.0;4000.0;1.0;0.0;0.0;4;7;920.0;0.0;1906;;98105;47.6711;-122.328;1300.0;4000.0;2014-08-15;514000.0;3856901880;9311;1;9999.0;;Not reformed;Seattle
10533;3856902250;3.0;1.0;1370.0;4000.0;2.0;0.0;0.0;4;8;1370.0;0.0;1918;;98105;47.6711;-122.324;1370.0;4000.0;2015-01-05;593500.0;3856902250;4262;1;9999.0;;Not Reformed: Without need for reformation;Seattle
10534;3856902996;2.0;1.0;850.0;2340.0;1.0;0.0;0.0;3;7;850.0;0.0;1922;;98105;47.6707;-122.328;1300.0;3000.0;2014-08-04;553500.0;3856902996;997;1;9999.0;;Not reformed;Seattle
10537;3856904560;4.0;1.75;2060.0;4080.0;1.5;0.0;0.0;3;7;1460.0;600.0;1922;1996.0;98105;47.6698;-122.325;1620.0;4080.0;2014-11-25;562000.0;3856904560;4345;1;74.0;74.0;Not reformed;Seattle
10539;3856904610;4.0;1.0;1620.0;4080.0;1.5;0.0;0.0;3;7;1620.0;0.0;1923;;98105;47.6696;-122.324;1760.0;4080.0;2014-10-02;485000.0;3856904610;9277;1;9999.0;;Not reformed;Seattle
10542;3856904825;2.0;1.0;980.0;3400.0;1.0;0.0;0.0;3;7;980.0;0.0;1923;;98105;47.6688;-122.323;1200.0;3420.0;2014-11-04;380000.0;3856904825;14110;1;9999.0;;Not reformed;Seattle
10543;3856904970;2.0;1.0;1120.0;4284.0;1.0;0.0;0.0;3;6;730.0;390.0;1921;;98105;47.6688;-122.324;2050.0;4160.0;2014-08-18;469000.0;3856904970;5276;1;9999.0;;Not reformed;Seattle
10545;3856905185;2.0;1.75;1240.0;3000.0;1.5;0.0;0.0;3;7;1240.0;0.0;1906;;98105;47.6689;-122.326;1800.0;4080.0;2014-06-24;483000.0;3856905185;9861;1;9999.0;;Not reformed;Seattle
10662;3880900010;5.0;3.25;3410.0;9088.0;2.0;0.0;3.0;3;9;2760.0;650.0;1912;;98119;47.6285;-122.361;3540.0;7100.0;2014-06-04;2400000.0;3880900010;5613;1;9999.0;;Not Reformed: Low cost reformations;Seattle
10663;3880900170;4.0;2.5;3280.0;7100.0;2.0;0.0;4.0;3;10;2180.0;1100.0;1911;1987.0;98119;47.6285;-122.362;3240.0;6674.0;2014-08-05;2300000.0;3880900170;16931;1;76.0;76.0;Not Reformed: Low cost reformations;Seattle
10665;3880900245;6.0;3.0;2790.0;4550.0;2.5;;0.0;4;8;2790.0;0.0;1907;;98119;47.627;-122.361;2590.0;4550.0;2015-02-02;700000.0;3880900245;3520;1;9999.0;;Not Reformed: Without need for reformation;Seattle
10677;3885801450;2.0;1.0;1150.0;6000.0;1.0;0.0;1.0;4;7;710.0;440.0;1921;;98033;47.6841;-122.213;2450.0;7200.0;2015-02-26;830000.0;3885801450;3836;1;9999.0;;Not reformed;Kirkland
10688;3885804225;2.0;2.0;1460.0;9052.0;1.0;0.0;2.0;5;6;1460.0;0.0;1900;;98033;47.6857;-122.208;2554.0;7834.0;2014-06-24;1010000.0;3885804225;8823;1;9999.0;;Not reformed;Kirkland
10706;3885808035;6.0;1.5;1680.0;5202.0;1.5;0.0;0.0;2;7;1680.0;0.0;1911;;98033;47.6798;-122.206;1890.0;5500.0;2015-03-16;619500.0;3885808035;8226;1;9999.0;;Not reformed;Kirkland
10712;3886902590;5.0;2.0;1900.0;6000.0;1.5;0.0;0.0;4;6;1900.0;0.0;1920;;98033;47.6831;-122.186;2110.0;8400.0;2015-02-26;470000.0;3886902590;1429;1;9999.0;;Not reformed;Kirkland
10716;3886903155;3.0;2.0;1980.0;7680.0;1.5;0.0;0.0;4;6;1070.0;910.0;1911;;98033;47.6839;-122.195;1330.0;8704.0;2015-03-04;606000.0;3886903155;8009;1;9999.0;;Not reformed;Kirkland
10742;3900100265;3.0;1.0;1020.0;7650.0;1.0;0.0;0.0;3;6;1020.0;0.0;1919;;98033;47.6795;-122.202;1870.0;5500.0;2015-01-29;625000.0;3900100265;3247;1;9999.0;;Not reformed;Kirkland
11458;4086300065;3.0;1.75;1280.0;2147.0;1.5;;0.0;4;7;1280.0;0.0;1910;;98102;47.6362;-122.324;2010.0;2640.0;2014-07-18;670000.0;4086300065;9195;1;9999.0;;Not reformed;Seattle
11778;4206901155;3.0;2.0;2168.0;4000.0;1.5;0.0;0.0;3;8;2168.0;0.0;1907;;98105;47.6561;-122.325;1770.0;4000.0;2014-09-24;575000.0;4206901155;5910;1;9999.0;;Not Reformed: Low cost reformations;Seattle
11780;4206901215;4.0;3.25;2420.0;4000.0;1.5;0.0;0.0;5;9;1870.0;550.0;1911;;98105;47.6567;-122.325;1810.0;4000.0;2014-06-12;920000.0;4206901215;17636;1;9999.0;;Not Reformed: Without need for reformation;Seattle
11781;4206901435;2.0;1.75;1450.0;4000.0;1.5;0.0;0.0;4;7;1350.0;100.0;1903;;98105;47.6571;-122.326;1310.0;4000.0;2015-01-22;650000.0;4206901435;17501;1;9999.0;;Not reformed;Seattle
11796;4217400540;5.0;2.25;2060.0;4800.0;2.5;0.0;0.0;3;8;2060.0;0.0;1907;;98105;47.66;-122.282;1740.0;4800.0;2014-09-29;815241.0;4217400540;8879;1;9999.0;;Not Reformed: Low cost reformations;Seattle
11800;4217401055;4.0;2.5;2920.0;4000.0;1.5;0.0;0.0;5;8;1910.0;1010.0;1909;;98105;47.6578;-122.28;2470.0;4000.0;2014-05-02;1400000.0;4217401055;4332;1;9999.0;;Not Reformed: Without need for reformation;Seattle
11858;4232400010;5.0;1.0;1760.0;4264.0;2.0;0.0;0.0;3;8;1760.0;0.0;1902;;98112;47.6246;-122.312;2130.0;4264.0;2014-08-04;780500.0;4232400010;16116;1;9999.0;;Not Reformed: Low cost reformations;Seattle
11859;4232400110;5.0;1.75;1910.0;5640.0;2.0;0.0;0.0;4;9;1910.0;0.0;1906;;98112;47.6249;-122.311;2050.0;5400.0;2014-11-11;1130000.0;4232400110;2919;1;9999.0;;Not Reformed: Without need for reformation;Seattle
11860;4232400400;4.0;2.0;2970.0;5400.0;2.5;0.0;0.0;4;9;2970.0;;1900;;98112;47.6235;-122.309;2500.0;5040.0;2014-09-29;1260000.0;4232400400;12022;1;9999.0;;Not Reformed: Without need for reformation;Seattle
11861;4232400470;2.0;2.0;1880.0;5400.0;1.5;0.0;0.0;3;8;1880.0;0.0;1902;;98112;47.6238;-122.311;1590.0;5400.0;2014-05-27;751750.0;4232400470;6303;1;9999.0;;Not Reformed: Low cost reformations;Seattle
11862;4232400860;4.0;2.0;2120.0;3360.0;2.0;0.0;0.0;3;9;2120.0;0.0;1905;;98112;47.6227;-122.31;2090.0;3600.0;2014-06-30;1200000.0;4232400860;1327;1;9999.0;;Not Reformed: Low cost reformations;Seattle
11864;4232900250;2.0;1.5;1340.0;3600.0;1.5;;0.0;3;7;1340.0;0.0;1903;;98119;47.6358;-122.364;1340.0;3600.0;2014-07-10;525000.0;4232900250;17329;1;9999.0;;Not reformed;Seattle
11866;4232900940;3.0;1.5;1660.0;4800.0;2.0;0.0;0.0;3;8;1660.0;0.0;1907;;98119;47.6352;-122.358;1690.0;4000.0;2014-05-22;926300.0;4232900940;4353;1;9999.0;;Not Reformed: Low cost reformations;Seattle
11867;4232901120;3.0;1.5;1570.0;1050.0;2.0;0.0;0.0;3;8;1570.0;0.0;1915;;98109;47.6358;-122.356;2070.0;3600.0;2014-05-20;792000.0;4232901120;9395;1;9999.0;;Not Reformed: Low cost reformations;Seattle
11869;4232901990;2.0;1.0;910.0;3600.0;1.0;0.0;0.0;4;7;910.0;0.0;1909;;98119;47.6341;-122.361;1720.0;3600.0;2014-05-16;605000.0;4232901990;7133;1;9999.0;;Not reformed;Seattle
11872;4232902615;3.0;1.0;1300.0;3600.0;2.0;0.0;0.0;3;7;1300.0;0.0;1900;;98119;47.6345;-122.366;2510.0;4800.0;2015-04-28;819000.0;4232902615;4435;1;9999.0;;Not reformed;Seattle
11873;4232903265;3.0;1.0;1500.0;2400.0;1.5;;0.0;5;7;1500.0;0.0;1900;;98119;47.6333;-122.362;1780.0;3600.0;2014-09-18;614950.0;4232903265;12960;1;9999.0;;Not reformed;Seattle
11874;4232903295;3.0;1.5;1790.0;4800.0;1.5;0.0;0.0;3;8;1790.0;0.0;1912;;98119;47.6332;-122.362;1780.0;3600.0;2015-04-16;940000.0;4232903295;6425;1;9999.0;;Not Reformed: Low cost reformations;Seattle
11875;4232903990;3.0;1.0;2230.0;3200.0;2.0;0.0;2.0;3;8;1630.0;600.0;1918;;98109;47.6334;-122.356;2280.0;5400.0;2014-11-19;770000.0;4232903990;18070;1;9999.0;;Not Reformed: Low cost reformations;Seattle
12177;4385700735;2.0;1.5;1940.0;4400.0;1.0;;0.0;3;7;970.0;970.0;1923;;98112;47.6371;-122.279;1480.0;3080.0;2015-03-11;790000.0;4385700735;4453;1;9999.0;;Not reformed;Seattle
12178;4385700765;3.0;1.75;1370.0;3850.0;1.0;0.0;0.0;5;7;770.0;600.0;1911;1988.0;98112;47.6374;-122.279;1390.0;3600.0;2014-06-03;850000.0;4385700765;755;1;77.0;77.0;Not reformed;Seattle
12181;4386700135;4.0;2.25;4760.0;8036.0;2.5;0.0;0.0;5;9;3390.0;1370.0;1916;;98112;47.6415;-122.285;2950.0;9323.0;2014-11-14;2250000.0;4386700135;519;1;9999.0;;Not Reformed: Without need for reformation;Seattle
12193;4389200876;4.0;2.75;2970.0;12750.0;1.5;0.0;1.0;4;7;2130.0;840.0;1918;;98004;47.6135;-122.213;1980.0;15300.0;2014-07-01;1570000.0;4389200876;15879;1;9999.0;;Not reformed;Yarrow Point
12194;4389200955;4.0;2.75;2750.0;17789.0;1.5;0.0;0.0;3;8;1980.0;770.0;1914;1992.0;98004;47.6141;-122.212;3060.0;11275.0;2015-03-02;1450000.0;4389200955;126;1;78.0;78.0;Not Reformed: Low cost reformations;Yarrow Point
12195;4389201021;3.0;1.0;1640.0;12855.0;1.5;0.0;0.0;5;6;1500.0;140.0;1920;;98004;47.6169;-122.212;2190.0;11262.0;2014-07-01;1010000.0;4389201021;8381;1;9999.0;;Not reformed;Yarrow Point
12223;4400200060;5.0;2.0;1910.0;4667.0;1.0;;0.0;3;7;1010.0;900.0;1908;;98112;47.6236;-122.306;1230.0;2545.0;2014-10-21;650000.0;4400200060;9838;1;9999.0;;Not reformed;Seattle
12359;5015000180;3.0;2.0;1720.0;4200.0;2.0;0.0;0.0;3;8;1720.0;0.0;1908;;98112;47.6285;-122.301;1720.0;4200.0;2014-11-10;713500.0;5015000180;7879;1;9999.0;;Not Reformed: Low cost reformations;Seattle
12360;5015000190;5.0;2.0;2000.0;4211.0;1.5;0.0;2.0;4;7;1280.0;720.0;1908;;98112;47.6283;-122.301;1680.0;4000.0;2014-06-25;690500.0;5015000190;6378;1;9999.0;;Not reformed;Seattle
12363;5015000700;3.0;1.0;2460.0;4000.0;1.5;0.0;0.0;4;7;1370.0;1090.0;1918;;98112;47.6268;-122.297;1680.0;4000.0;2015-01-23;563225.0;5015000700;10621;1;9999.0;;Not reformed;Seattle
12367;5015001680;4.0;1.0;1860.0;4736.0;1.5;0.0;0.0;1;7;1860.0;0.0;1901;;98112;47.6251;-122.3;1800.0;4000.0;2014-06-11;427000.0;5015001680;16929;1;9999.0;;Not reformed;Seattle
12368;5016000315;1.0;1.0;960.0;2640.0;1.0;0.0;0.0;3;7;760.0;200.0;1908;;98112;47.6223;-122.294;1620.0;3759.0;2014-06-16;332000.0;5016000315;7943;1;9999.0;;Not reformed;Seattle
12373;5016001535;3.0;1.75;1920.0;3300.0;1.0;0.0;0.0;4;8;960.0;960.0;1913;;98112;47.6239;-122.298;1740.0;4000.0;2015-02-17;725000.0;5016001535;306;1;9999.0;;Not Reformed: Without need for reformation;Seattle
12375;5016002180;2.0;2.5;2560.0;2500.0;2.0;0.0;0.0;5;8;1690.0;870.0;1901;;98112;47.6233;-122.3;1890.0;5000.0;2014-07-08;780000.0;5016002180;2709;1;9999.0;;Not Reformed: Without need for reformation;Seattle
12379;5016003230;2.0;1.0;790.0;4000.0;1.0;0.0;2.0;3;7;790.0;0.0;1908;;98112;47.6248;-122.301;1700.0;4200.0;2015-02-18;169317.0;5016003230;1625;1;9999.0;;Not reformed;Seattle
12381;5017000575;3.0;2.0;1990.0;3000.0;1.5;0.0;0.0;3;7;1230.0;760.0;1908;1970.0;98112;47.6272;-122.29;1600.0;4080.0;2014-11-24;569000.0;5017000575;2282;1;62.0;62.0;Not reformed;Seattle
12823;5191100180;5.0;2.0;2440.0;3080.0;2.0;0.0;0.0;4;8;2440.0;0.0;1910;;98112;47.6242;-122.306;1640.0;3077.0;2014-11-06;1010000.0;5191100180;8811;1;9999.0;;Not Reformed: Without need for reformation;Seattle
12865;5244800125;3.0;1.75;1840.0;2310.0;1.0;0.0;2.0;4;8;1140.0;700.0;1914;;98109;47.6462;-122.351;1670.0;4000.0;2014-08-05;650000.0;5244800125;10439;1;9999.0;;Not Reformed: Without need for reformation;Seattle
12866;5244800695;2.0;1.0;1120.0;2000.0;1.5;0.0;0.0;3;7;1120.0;0.0;1910;;98109;47.6454;-122.354;1500.0;4000.0;2014-06-16;524000.0;5244800695;12361;1;9999.0;;Not reformed;Seattle
12869;5244801230;5.0;2.25;2120.0;4000.0;1.5;0.0;0.0;4;7;1720.0;400.0;1910;;98109;47.644;-122.353;1960.0;4000.0;2014-08-29;682000.0;5244801230;1257;1;9999.0;;Not reformed;Seattle
12871;5244801275;2.0;1.0;1110.0;3943.0;1.0;0.0;0.0;5;6;740.0;370.0;1916;;98109;47.6436;-122.352;1590.0;4311.0;2014-11-21;410500.0;5244801275;11848;1;9999.0;;Not reformed;Seattle
12980;5316100220;4.0;2.25;1830.0;7200.0;2.0;0.0;2.0;3;8;1750.0;80.0;1923;;98112;47.6315;-122.282;3100.0;7200.0;2015-03-19;1250000.0;5316100220;13141;1;9999.0;;Not Reformed: Low cost reformations;Seattle
12986;5316101075;7.0;3.0;5350.0;14400.0;2.5;0.0;0.0;4;10;5020.0;330.0;1910;;98112;47.6295;-122.285;3050.0;7469.0;2014-09-26;2890000.0;5316101075;14018;1;9999.0;;Not Reformed: Without need for reformation;Seattle
12992;5317100780;4.0;3.25;2330.0;9687.0;2.0;0.0;3.0;3;9;2330.0;0.0;1918;;98112;47.6264;-122.283;3880.0;9017.0;2014-05-12;1300000.0;5317100780;15822;1;9999.0;;Not Reformed: Low cost reformations;Seattle
12997;5318100935;3.0;2.0;1540.0;3600.0;2.0;0.0;0.0;3;8;1540.0;0.0;1900;1988.0;98112;47.6343;-122.283;2970.0;3600.0;2014-10-20;850000.0;5318100935;10516;1;88.0;88.0;Not Reformed: Low cost reformations;Seattle
13004;5318101765;3.0;1.75;1670.0;5400.0;2.0;0.0;0.0;5;8;1670.0;0.0;1912;;98112;47.635;-122.284;2100.0;5400.0;2014-06-02;985000.0;5318101765;8995;1;9999.0;;Not Reformed: Without need for reformation;Seattle
13008;5332200375;3.0;2.5;2320.0;5000.0;2.0;0.0;0.0;3;8;1620.0;700.0;1907;1993.0;98112;47.6278;-122.292;2160.0;5000.0;2014-12-03;900000.0;5332200375;19199;1;86.0;86.0;Not Reformed: Low cost reformations;Seattle
13013;5332200550;3.0;1.0;1380.0;4000.0;1.5;0.0;0.0;3;7;1380.0;0.0;1910;;98112;47.6261;-122.296;1690.0;4000.0;2015-03-25;505000.0;5332200550;1124;1;9999.0;;Not reformed;Seattle
13287;5457300703;3.0;1.0;1500.0;2555.0;2.0;0.0;2.0;3;7;1500.0;0.0;1910;;98109;47.627;-122.353;1820.0;2555.0;2015-03-20;707500.0;5457300703;1459;1;9999.0;;Not reformed;Seattle
13289;5457800930;2.0;2.25;3170.0;3000.0;2.0;;2.0;5;10;1990.0;1180.0;1900;;98109;47.6291;-122.351;2980.0;5061.0;2014-06-13;1700000.0;5457800930;18062;1;9999.0;;Not Reformed: Without need for reformation;Seattle
13567;5605000215;4.0;1.0;1470.0;5450.0;1.5;0.0;0.0;3;7;1470.0;0.0;1918;;98112;47.6458;-122.306;2160.0;5450.0;2015-02-25;700000.0;5605000215;17833;1;9999.0;;Not reformed;Seattle
13570;5605000590;4.0;2.5;3020.0;4950.0;1.5;0.0;0.0;4;9;2020.0;1000.0;1921;;98112;47.6467;-122.304;2300.0;5450.0;2014-12-15;975000.0;5605000590;3101;1;9999.0;;Not Reformed: Without need for reformation;Seattle
13571;5605000595;6.0;2.25;2770.0;5854.0;1.5;0.0;0.0;3;8;2120.0;650.0;1921;;98112;47.6466;-122.304;2300.0;5450.0;2014-12-09;685000.0;5605000595;6857;1;9999.0;;Not Reformed: Low cost reformations;Seattle
13790;5707500050;5.0;3.0;2640.0;3200.0;2.0;0.0;0.0;4;7;2140.0;500.0;1906;;98112;47.6188;-122.308;1540.0;2242.0;2014-07-18;739375.0;5707500050;5780;1;9999.0;;Not reformed;Seattle
13827;6003001760;3.0;1.5;2510.0;3600.0;2.5;0.0;0.0;4;8;2510.0;0.0;1907;;98112;47.6195;-122.313;1740.0;1885.0;2014-09-24;675000.0;6003001760;6257;1;9999.0;;Not Reformed: Without need for reformation;Seattle
13831;6003500995;3.0;1.0;1580.0;3840.0;2.0;;0.0;3;8;1580.0;0.0;1908;;98102;47.6192;-122.319;1680.0;2624.0;2014-06-17;729000.0;6003500995;14655;1;9999.0;;Not Reformed: Low cost reformations;Seattle
13832;6003501400;3.0;1.0;1010.0;3520.0;1.0;0.0;0.0;3;7;1010.0;0.0;1902;;98102;47.6208;-122.319;1300.0;1233.0;2015-02-26;525000.0;6003501400;13183;1;9999.0;;Not reformed;Seattle
13833;6003501535;3.0;1.75;1650.0;3200.0;1.5;0.0;0.0;3;8;1650.0;0.0;1901;;98102;47.6209;-122.317;1500.0;2400.0;2014-08-28;550000.0;6003501535;1520;1;9999.0;;Not Reformed: Low cost reformations;Seattle
14031;6096500105;4.0;2.25;2640.0;3000.0;2.0;0.0;0.0;3;7;2080.0;560.0;1908;;98109;47.6313;-122.344;1910.0;3000.0;2015-04-30;1550000.0;6096500105;11675;1;9999.0;;Not reformed;Seattle
14259;6169900545;3.0;1.5;1940.0;2885.0;1.5;0.0;2.0;3;8;1940.0;0.0;1900;;98119;47.6308;-122.369;2550.0;3600.0;2014-06-25;1330000.0;6169900545;15284;1;9999.0;;Not Reformed: Low cost reformations;Seattle
14260;6169900580;6.0;4.5;4230.0;6420.0;2.0;0.0;3.0;4;8;2360.0;1870.0;1916;;98119;47.6301;-122.369;3450.0;4085.0;2014-07-09;1470000.0;6169900580;7662;1;9999.0;;Not Reformed: Without need for reformation;Seattle
14262;6169901006;2.0;1.0;1180.0;2160.0;1.0;0.0;1.0;3;7;940.0;240.0;1909;;98119;47.6313;-122.368;2700.0;5400.0;2014-07-15;600000.0;6169901006;9458;1;9999.0;;Not reformed;Seattle
14264;6169901095;4.0;2.0;1980.0;7200.0;2.0;0.0;3.0;3;8;1700.0;280.0;1910;;98119;47.6318;-122.369;2490.0;4200.0;2014-08-15;900000.0;6169901095;19543;1;9999.0;;Not Reformed: Low cost reformations;Seattle
14265;6169901130;3.0;3.0;2490.0;3600.0;2.0;0.0;3.0;4;8;1790.0;700.0;1911;;98119;47.6313;-122.369;2490.0;3600.0;2014-09-11;1390000.0;6169901130;4012;1;9999.0;;Not Reformed: Without need for reformation;Seattle
14267;6169901197;3.0;1.5;2160.0;2260.0;2.0;;2.0;5;8;1620.0;540.0;1917;;98119;47.6321;-122.371;2570.0;2400.0;2014-11-26;900000.0;6169901197;6888;1;9999.0;;Not Reformed: Without need for reformation;Seattle
14638;6447300345;4.0;3.0;2680.0;15438.0;2.0;0.0;2.0;3;8;2680.0;0.0;1902;1956.0;98039;47.6109;-122.226;4480.0;14406.0;2015-04-06;1160000.0;6447300345;5174;1;54.0;54.0;Not Reformed: Low cost reformations;Medina
14717;6613000930;4.0;3.25;3890.0;25470.0;2.0;1.0;3.0;5;10;3030.0;860.0;1923;;98105;47.6608;-122.269;4140.0;19281.0;2014-09-02;2950000.0;6613000930;18542;1;9999.0;;Not Reformed: Without need for reformation;Seattle
14718;6613000935;4.0;2.5;5300.0;26211.0;2.0;1.0;2.0;2;10;4570.0;730.0;1923;;98105;47.661;-122.269;3890.0;19281.0;2014-05-13;2560000.0;6613000935;11214;1;9999.0;;Not reformed;Seattle
14987;6746700605;5.0;1.75;1570.0;3000.0;2.0;0.0;0.0;4;7;1570.0;0.0;1908;;98105;47.6677;-122.316;1610.0;3000.0;2015-01-28;530000.0;6746700605;5318;1;9999.0;;Not reformed;Seattle
14988;6746700615;8.0;2.5;2280.0;3000.0;1.5;0.0;0.0;3;7;1210.0;1070.0;1911;;98105;47.6675;-122.316;1610.0;3000.0;2015-03-18;700000.0;6746700615;9069;1;9999.0;;Not reformed;Seattle
14989;6746701090;6.0;2.0;1670.0;3000.0;1.0;;0.0;5;7;900.0;770.0;1911;;98105;47.6637;-122.316;1330.0;1099.0;2014-06-19;680000.0;6746701090;12363;1;9999.0;;Not reformed;Seattle
15016;6762700020;6.0;8.0;12050.0;27600.0;2.5;0.0;3.0;4;13;8570.0;3480.0;1910;1987.0;98102;47.6298;-122.323;3940.0;8800.0;2014-10-13;7700000.0;6762700020;7246;1;77.0;77.0;Not Reformed: Without need for reformation;Seattle
15017;6762700340;3.0;3.0;2400.0;4000.0;2.0;0.0;0.0;3;7;1860.0;540.0;1905;;98102;47.6288;-122.321;1750.0;3940.0;2015-04-27;852000.0;6762700340;2117;1;9999.0;;Not reformed;Seattle
15029;6788200605;3.0;1.75;2010.0;3800.0;2.0;;0.0;2;7;2010.0;0.0;1922;;98112;47.6408;-122.307;1540.0;3800.0;2014-12-23;575000.0;6788200605;16341;1;9999.0;;Not reformed;Seattle
15031;6788200931;2.0;1.0;1790.0;4000.0;1.0;0.0;0.0;4;7;1040.0;750.0;1923;;98112;47.6405;-122.301;1310.0;4000.0;2014-05-20;710000.0;6788200931;3199;1;9999.0;;Not reformed;Seattle
15032;6788201015;2.0;1.75;1600.0;4000.0;1.0;0.0;0.0;5;7;850.0;750.0;1918;;98112;47.6408;-122.3;1860.0;4000.0;2014-06-16;690000.0;6788201015;4679;1;9999.0;;Not reformed;Seattle
15035;6788201781;4.0;2.0;2660.0;3900.0;1.5;0.0;0.0;4;7;1480.0;1180.0;1923;;98112;47.6398;-122.306;2350.0;3900.0;2014-06-05;886000.0;6788201781;17802;1;9999.0;;Not reformed;Seattle
15133;6819100020;4.0;4.25;4960.0;6000.0;2.5;0.0;0.0;3;11;3680.0;1280.0;1909;2003.0;98109;47.6437;-122.356;2160.0;4080.0;2014-05-29;1430000.0;6819100020;17388;1;94.0;94.0;Not Reformed: Low cost reformations;Seattle
15135;6819100080;3.0;1.0;1010.0;6000.0;1.5;0.0;0.0;3;7;1010.0;0.0;1919;1977.0;98119;47.6438;-122.357;1960.0;4000.0;2014-10-01;636100.0;6819100080;16991;1;58.0;58.0;Not reformed;Seattle
15138;6819100150;3.0;2.0;1740.0;3600.0;1.0;0.0;0.0;5;7;990.0;750.0;1923;;98119;47.6448;-122.358;1250.0;3600.0;2014-07-21;677915.0;6819100150;12579;1;9999.0;;Not reformed;Seattle
15139;6819100310;4.0;3.0;2420.0;4800.0;1.5;0.0;0.0;3;7;1520.0;900.0;1919;;98119;47.6453;-122.358;1090.0;3800.0;2015-04-14;950000.0;6819100310;1793;1;9999.0;;Not reformed;Seattle
15140;6819100330;3.0;1.0;1110.0;6000.0;1.0;0.0;0.0;3;7;1110.0;0.0;1904;;98109;47.6461;-122.357;1460.0;6000.0;2015-02-20;550000.0;6819100330;12530;1;9999.0;;Not reformed;Seattle
15228;6848200018;4.0;2.75;3040.0;2800.0;2.0;0.0;0.0;3;9;2100.0;940.0;1906;;98102;47.6245;-122.327;1260.0;2178.0;2014-05-28;840000.0;6848200018;4455;1;9999.0;;Not Reformed: Low cost reformations;Seattle
15230;6848200325;3.0;2.75;2240.0;3600.0;2.5;0.0;0.0;3;7;1650.0;590.0;1901;;98102;47.6244;-122.326;1716.0;3120.0;2014-09-04;625000.0;6848200325;17647;1;9999.0;;Not reformed;Seattle
15231;6848200475;3.0;1.5;1870.0;3300.0;2.0;0.0;2.0;3;7;1870.0;0.0;1906;;98102;47.6221;-122.325;1820.0;2460.0;2014-11-26;933000.0;6848200475;3600;1;9999.0;;Not reformed;Seattle
15232;6850700670;6.0;3.0;2890.0;2370.0;2.5;0.0;0.0;3;7;2290.0;600.0;1906;;98102;47.6227;-122.323;2180.0;2460.0;2014-05-13;799200.0;6850700670;6275;1;9999.0;;Not reformed;Seattle
15233;6851700381;4.0;2.0;2580.0;4500.0;2.0;0.0;0.0;4;9;1850.0;730.0;1905;;98102;47.6245;-122.316;2590.0;4100.0;2015-04-14;935000.0;6851700381;5384;1;9999.0;;Not Reformed: Without need for reformation;Seattle
15235;6852700246;5.0;2.5;2860.0;4000.0;2.0;0.0;0.0;4;8;2160.0;700.0;1910;;98102;47.6225;-122.318;1340.0;1224.0;2014-09-23;1200000.0;6852700246;4586;1;9999.0;;Not Reformed: Without need for reformation;Seattle
15238;6852700476;4.0;1.5;1650.0;2970.0;1.5;0.0;0.0;3;7;1650.0;0.0;1903;;98102;47.6233;-122.319;1670.0;2970.0;2014-12-11;752000.0;6852700476;8537;1;9999.0;;Not reformed;Seattle
15239;6852700477;2.0;1.5;1300.0;2970.0;1.0;0.0;0.0;3;7;990.0;310.0;1903;;98102;47.6233;-122.319;1700.0;3000.0;2014-09-16;550000.0;6852700477;14399;1;9999.0;;Not reformed;Seattle
15240;6852700478;2.0;1.0;970.0;2970.0;1.0;0.0;0.0;3;7;970.0;0.0;1910;;98102;47.6233;-122.319;1670.0;3000.0;2014-09-16;425000.0;6852700478;962;1;9999.0;;Not reformed;Seattle
15246;6861700156;4.0;2.25;2630.0;4000.0;2.0;;0.0;5;9;1810.0;820.0;1909;;98102;47.6393;-122.317;2370.0;4700.0;2014-10-27;1050000.0;6861700156;14576;1;9999.0;;Not Reformed: Without need for reformation;Seattle
15383;7011200160;3.0;1.75;2060.0;3600.0;1.5;0.0;0.0;3;7;1180.0;880.0;1905;1985.0;98119;47.6389;-122.371;1730.0;2475.0;2014-11-13;595000.0;7011200160;10676;1;80.0;80.0;Not reformed;Seattle
15384;7011200260;4.0;2.0;1400.0;3600.0;1.0;0.0;0.0;3;7;1100.0;300.0;1900;;98119;47.6385;-122.37;1630.0;2048.0;2014-12-19;485000.0;7011200260;704;1;9999.0;;Not reformed;Seattle
15385;7011200515;4.0;1.75;1920.0;3600.0;2.0;;0.0;4;8;1920.0;0.0;1907;;98119;47.6382;-122.368;1920.0;3600.0;2014-11-12;870000.0;7011200515;13036;1;9999.0;;Not Reformed: Without need for reformation;Seattle
15386;7011200830;4.0;2.0;1590.0;5400.0;1.0;0.0;2.0;3;7;990.0;600.0;1900;;98119;47.637;-122.367;2190.0;4800.0;2014-09-09;783200.0;7011200830;10589;1;9999.0;;Not reformed;Seattle
15389;7011201087;3.0;1.75;1220.0;1450.0;1.0;0.0;0.0;3;6;620.0;600.0;1905;;98119;47.6361;-122.368;1660.0;2960.0;2014-08-04;385000.0;7011201087;14964;1;9999.0;;Not reformed;Seattle
15391;7011201245;3.0;1.0;1270.0;3600.0;1.5;0.0;0.0;3;7;1270.0;0.0;1906;;98119;47.6368;-122.37;1710.0;3600.0;2014-11-07;655000.0;7011201245;1192;1;9999.0;;Not reformed;Seattle
15393;7011201325;4.0;2.75;2940.0;5400.0;1.5;0.0;2.0;5;8;1940.0;1000.0;1910;;98119;47.6366;-122.369;1970.0;2008.0;2014-10-28;1010000.0;7011201325;19511;1;9999.0;;Not Reformed: Without need for reformation;Seattle
15395;7011201445;2.0;1.75;1530.0;3503.0;1.0;0.0;1.0;4;7;830.0;;1916;;98119;47.6368;-122.371;1280.0;1531.0;2014-07-02;525000.0;7011201445;14167;1;9999.0;;Not reformed;Seattle
15402;7013200280;6.0;4.5;3830.0;4800.0;3.0;0.0;0.0;3;9;3050.0;780.0;1919;2004.0;98119;47.6404;-122.361;1990.0;4800.0;2014-07-02;989000.0;7013200280;15780;1;85.0;85.0;Not Reformed: Low cost reformations;Seattle
15571;7159200005;7.0;4.5;6210.0;8856.0;2.5;0.0;2.0;5;11;4760.0;1450.0;1910;;98109;47.6307;-122.354;2940.0;5400.0;2014-05-07;3200000.0;7159200005;7185;1;9999.0;;Not Reformed: Without need for reformation;Seattle
15587;7171200445;2.0;1.0;1010.0;5000.0;1.5;0.0;0.0;4;6;1010.0;0.0;1908;;98105;47.6692;-122.297;1460.0;5000.0;2015-02-28;550700.0;7171200445;309;1;9999.0;;Not reformed;Seattle
16301;7352200450;4.0;3.25;3580.0;19989.0;1.5;1.0;4.0;4;7;3480.0;100.0;1915;1965.0;98125;47.7087;-122.276;2410.0;6389.0;2015-01-15;2050000.0;7352200450;17754;1;50.0;50.0;Not reformed;Seattle
16410;7443000480;4.0;2.0;2750.0;5527.0;2.0;0.0;0.0;3;8;2130.0;620.0;1901;1987.0;98119;47.6513;-122.368;1290.0;1764.0;2015-05-07;865000.0;7443000480;16194;1;86.0;86.0;Not Reformed: Low cost reformations;Seattle
16412;7443000640;3.0;1.75;1400.0;2003.0;1.0;0.0;0.0;4;8;700.0;700.0;1908;2006.0;98119;47.6508;-122.368;1370.0;1281.0;2014-09-12;460000.0;7443000640;2174;1;98.0;98.0;Not Reformed: Without need for reformation;Seattle
16414;7443000985;5.0;2.5;2010.0;3600.0;1.5;0.0;0.0;3;6;1510.0;500.0;1912;;98119;47.6522;-122.366;1780.0;3600.0;2014-08-15;475000.0;7443000985;4228;1;9999.0;;Not reformed;Seattle
16837;7613700950;5.0;3.0;2830.0;7500.0;2.0;0.0;0.0;3;9;2460.0;370.0;1923;;98105;47.6579;-122.277;2900.0;5000.0;2014-06-10;1240000.0;7613700950;6104;1;9999.0;;Not Reformed: Low cost reformations;Seattle
16954;7663700401;4.0;1.5;1820.0;22814.0;1.5;0.0;0.0;3;7;1820.0;0.0;1920;;98125;47.7321;-122.296;1770.0;9150.0;2014-12-20;229000.0;7663700401;18719;1;9999.0;;Not reformed;Seattle
17101;7731100066;3.0;1.0;1510.0;5000.0;1.5;0.0;0.0;3;7;1510.0;0.0;1909;;98105;47.6708;-122.297;1680.0;4000.0;2014-06-12;545000.0;7731100066;7441;1;9999.0;;Not reformed;Seattle
17677;7871500070;4.0;2.5;2200.0;4000.0;2.0;0.0;0.0;5;8;1430.0;770.0;1908;;98119;47.6402;-122.37;2100.0;4000.0;2014-06-03;930000.0;7871500070;884;1;9999.0;;Not Reformed: Without need for reformation;Seattle
17678;7871500280;4.0;2.25;2250.0;3600.0;2.0;0.0;0.0;4;9;2010.0;240.0;1912;;98119;47.643;-122.37;1910.0;3990.0;2015-04-13;975000.0;7871500280;16976;1;9999.0;;Not Reformed: Without need for reformation;Seattle
17679;7871500345;3.0;1.5;1960.0;2400.0;2.0;0.0;0.0;3;8;1330.0;630.0;1911;;98119;47.6423;-122.37;2090.0;4000.0;2014-12-02;792500.0;7871500345;5196;1;9999.0;;Not Reformed: Low cost reformations;Seattle
17680;7871500440;4.0;1.75;2100.0;3400.0;1.0;;0.0;5;7;1100.0;1000.0;1915;;98119;47.6429;-122.371;1890.0;3771.0;2014-10-14;750000.0;7871500440;5912;1;9999.0;;Not reformed;Seattle
18366;8080400045;2.0;1.0;1040.0;3600.0;1.0;0.0;0.0;4;7;1040.0;0.0;1919;1980.0;98112;47.619;-122.311;2250.0;4800.0;2014-06-20;600000.0;8080400045;1700;1;61.0;61.0;Not reformed;Seattle
18575;8141200080;8.0;2.75;2530.0;4800.0;2.0;0.0;0.0;4;7;1390.0;1140.0;1901;;98112;47.6241;-122.305;1540.0;4800.0;2014-08-14;680000.0;8141200080;15657;1;9999.0;;Not reformed;Seattle
18864;8615800325;2.0;2.25;1890.0;5400.0;2.0;0.0;0.0;5;8;1610.0;280.0;1905;;98105;47.6688;-122.31;2820.0;4860.0;2014-08-22;750000.0;8615800325;14510;1;9999.0;;Not Reformed: Without need for reformation;Seattle
18865;8615800500;6.0;3.25;2820.0;4536.0;2.0;0.0;0.0;4;8;1930.0;890.0;1917;;98105;47.6688;-122.309;2820.0;4536.0;2014-08-14;875000.0;8615800500;16580;1;9999.0;;Not Reformed: Without need for reformation;Seattle
19129;8670900140;3.0;2.25;3200.0;3800.0;2.0;0.0;0.0;5;9;2650.0;550.0;1914;;98102;47.638;-122.317;2400.0;3900.0;2014-07-29;995000.0;8670900140;10626;1;9999.0;;Not Reformed: Without need for reformation;Seattle
19339;8712100320;5.0;2.75;2350.0;4178.0;1.5;0.0;0.0;3;8;1520.0;830.0;1922;2015.0;98112;47.6388;-122.3;1920.0;4178.0;2014-07-28;585000.0;8712100320;2294;1;93.0;93.0;Not Reformed: Low cost reformations;Seattle
19341;8712100435;4.0;2.5;3940.0;4407.0;2.0;0.0;0.0;4;8;2620.0;1320.0;1921;;98112;47.6374;-122.299;1790.0;4407.0;2014-11-10;1200000.0;8712100435;10338;1;9999.0;;Not Reformed: Without need for reformation;Seattle
19343;8712100575;5.0;2.5;2750.0;5589.0;1.5;0.0;0.0;5;9;1840.0;910.0;1910;;98112;47.6364;-122.3;1460.0;4250.0;2014-08-28;915000.0;8712100575;944;1;9999.0;;Not Reformed: Without need for reformation;Seattle
19345;8712100720;3.0;2.0;2090.0;5015.0;1.5;0.0;0.0;5;7;2090.0;0.0;1920;;98112;47.6378;-122.301;1930.0;4250.0;2014-08-15;785000.0;8712100720;13426;1;9999.0;;Not reformed;Seattle
19346;8712100760;2.0;1.5;1790.0;4250.0;1.0;;0.0;3;7;920.0;870.0;1915;2014.0;98112;47.6367;-122.301;1910.0;4250.0;2014-09-24;721000.0;8712100760;14676;1;99.0;99.0;Not reformed;Seattle
19347;8712100790;4.0;1.5;2550.0;5055.0;2.0;0.0;0.0;4;10;2550.0;0.0;1910;;98112;47.636;-122.301;1970.0;4431.0;2014-07-01;952500.0;8712100790;18362;1;9999.0;;Not Reformed: Without need for reformation;Seattle
19348;8714600145;2.0;1.75;1240.0;4120.0;1.0;0.0;0.0;4;7;890.0;350.0;1906;;98105;47.6689;-122.314;1640.0;3740.0;2015-04-01;540000.0;8714600145;18040;1;9999.0;;Not reformed;Seattle
19358;8722100030;4.0;2.0;1800.0;4800.0;1.5;0.0;0.0;3;7;1800.0;0.0;1918;;98112;47.6388;-122.302;1950.0;4800.0;2015-04-07;632750.0;8722100030;9975;1;9999.0;;Not reformed;Seattle
19363;8722101360;3.0;1.0;1660.0;4400.0;1.5;0.0;0.0;3;8;1460.0;200.0;1911;;98112;47.6362;-122.302;1660.0;4400.0;2014-12-02;780000.0;8722101360;261;1;9999.0;;Not Reformed: Low cost reformations;Seattle
19364;8722101370;4.0;1.75;2180.0;4431.0;1.5;;0.0;3;8;2020.0;160.0;1912;;98112;47.636;-122.302;1890.0;4400.0;2015-04-13;625000.0;8722101370;11590;1;9999.0;;Not Reformed: Low cost reformations;Seattle
19478;8805900080;3.0;2.0;1840.0;2825.0;1.0;;0.0;3;7;1040.0;800.0;1920;;98112;47.6428;-122.302;1820.0;3750.0;2015-04-30;750000.0;8805900080;6541;1;9999.0;;Not reformed;Seattle
19495;8812401450;10.0;3.0;2920.0;3745.0;2.0;0.0;0.0;4;7;1860.0;1060.0;1913;;98105;47.6635;-122.32;1810.0;3745.0;2014-12-29;660000.0;8812401450;19240;1;9999.0;;Not reformed;Seattle
19499;8813400345;2.0;1.0;980.0;3663.0;1.0;;0.0;5;7;980.0;0.0;1909;;98105;47.6645;-122.288;1620.0;3706.0;2015-04-14;575000.0;8813400345;15440;1;9999.0;;Not reformed;Seattle
19507;8816400885;4.0;1.75;1640.0;1480.0;1.0;0.0;0.0;4;7;820.0;820.0;1912;;98105;47.6684;-122.314;1420.0;2342.0;2014-10-08;450000.0;8816400885;1548;1;9999.0;;Not reformed;Seattle
19508;8818400155;3.0;1.0;1590.0;4080.0;1.5;0.0;0.0;3;7;1590.0;0.0;1922;;98105;47.662;-122.326;1570.0;4080.0;2015-04-05;630000.0;8818400155;14650;1;9999.0;;Not reformed;Seattle
19509;8818400340;4.0;3.0;2490.0;4325.0;1.5;0.0;0.0;3;8;1690.0;800.0;1922;2003.0;98105;47.6628;-122.326;1960.0;4284.0;2015-04-23;1080000.0;8818400340;11681;1;81.0;81.0;Not Reformed: Low cost reformations;Seattle
19510;8818400450;3.0;3.25;2640.0;4080.0;2.0;0.0;0.0;3;9;1840.0;800.0;1912;2000.0;98105;47.6636;-122.326;1990.0;4080.0;2014-05-08;930000.0;8818400450;19188;1;88.0;88.0;Not Reformed: Low cost reformations;Seattle
19511;8818400490;2.0;1.75;1640.0;4080.0;1.0;0.0;0.0;3;7;840.0;800.0;1921;;98105;47.6645;-122.326;1980.0;4080.0;2014-06-11;527000.0;8818400490;3278;1;9999.0;;Not reformed;Seattle
19512;8818900060;4.0;2.0;1530.0;4080.0;1.5;;0.0;4;7;1530.0;0.0;1912;;98105;47.6645;-122.325;1860.0;4080.0;2014-11-25;664000.0;8818900060;847;1;9999.0;;Not reformed;Seattle
19514;8818900250;3.0;1.0;1340.0;4284.0;1.0;0.0;0.0;3;7;1080.0;260.0;1910;;98105;47.6633;-122.324;1960.0;4080.0;2014-05-07;530000.0;8818900250;16406;1;9999.0;;Not reformed;Seattle
19515;8818900300;4.0;1.0;1260.0;4080.0;1.0;0.0;0.0;4;7;1260.0;0.0;1911;;98105;47.6644;-122.324;1340.0;4080.0;2014-10-02;618000.0;8818900300;4499;1;9999.0;;Not reformed;Seattle
19516;8819900055;2.0;1.0;870.0;4280.0;1.0;0.0;2.0;4;6;870.0;0.0;1921;;98105;47.6697;-122.29;1750.0;4280.0;2015-03-30;503000.0;8819900055;9870;1;9999.0;;Not reformed;Seattle
19521;8819901030;3.0;2.0;2390.0;8025.0;2.0;0.0;0.0;5;7;2390.0;0.0;1921;;98105;47.6707;-122.288;1920.0;5350.0;2014-11-18;810000.0;8819901030;3775;1;9999.0;;Not reformed;Seattle
19525;8820901275;4.0;2.0;2750.0;7807.0;1.5;0.0;0.0;5;7;2250.0;500.0;1916;;98125;47.7168;-122.287;1510.0;7807.0;2014-06-10;571000.0;8820901275;73;1;9999.0;;Not reformed;Seattle
19534;8820902700;2.0;1.75;1210.0;7733.0;1.0;0.0;0.0;3;6;1210.0;0.0;1904;;98125;47.7148;-122.282;1670.0;7733.0;2015-04-22;456200.0;8820902700;12600;1;9999.0;;Not reformed;Seattle
19549;8823900290;9.0;4.0;4620.0;5508.0;2.5;0.0;0.0;3;11;3870.0;750.0;1915;;98105;47.6684;-122.309;2710.0;4320.0;2015-03-17;1400000.0;8823900290;16831;1;9999.0;;Not Reformed: Low cost reformations;Seattle
19550;8823901445;9.0;3.0;2820.0;4480.0;2.0;0.0;0.0;3;7;1880.0;940.0;1918;;98105;47.6654;-122.307;2460.0;4400.0;2015-03-13;934000.0;8823901445;18429;1;9999.0;;Not reformed;Seattle
19564;8827900560;3.0;2.0;1820.0;4480.0;1.0;0.0;0.0;5;7;1120.0;700.0;1923;;98105;47.6717;-122.295;1920.0;4480.0;2014-10-31;655000.0;8827900560;10442;1;9999.0;;Not reformed;Seattle
19565;8827900690;3.0;2.0;1460.0;2800.0;1.0;0.0;0.0;4;7;730.0;730.0;1921;;98105;47.67;-122.295;1780.0;4560.0;2015-04-21;600000.0;8827900690;7677;1;9999.0;;Not reformed;Seattle
19568;8827901415;3.0;1.5;1470.0;4480.0;1.0;0.0;0.0;4;7;1130.0;340.0;1918;;98105;47.6693;-122.291;2120.0;4480.0;2015-05-07;613000.0;8827901415;18480;1;9999.0;;Not reformed;Seattle
19755;8900000100;4.0;2.0;1630.0;1724.0;1.5;0.0;0.0;3;6;1030.0;600.0;1915;1970.0;98119;47.6472;-122.362;1780.0;3810.0;2014-12-31;509000.0;8900000100;19361;1;55.0;55.0;Not reformed;Seattle
19756;8900000110;2.0;2.0;1780.0;3810.0;1.5;0.0;0.0;3;7;980.0;800.0;1922;;98119;47.6474;-122.362;1690.0;3810.0;2014-09-22;691000.0;8900000110;3089;1;9999.0;;Not reformed;Seattle
20105;9185700440;4.0;3.5;5860.0;7200.0;2.0;0.0;0.0;5;10;3690.0;2170.0;1907;;98112;47.6287;-122.287;4150.0;7200.0;2014-07-28;2400000.0;9185700440;6190;1;9999.0;;Not Reformed: Without need for reformation;Seattle
20106;9185700485;4.0;3.5;4350.0;6000.0;2.0;0.0;0.0;5;10;2970.0;1380.0;1908;;98112;47.6277;-122.286;4190.0;7200.0;2015-04-01;2540000.0;9185700485;7646;1;9999.0;;Not Reformed: Without need for reformation;Seattle
20120;9191200380;4.0;2.0;1540.0;5000.0;1.5;0.0;0.0;4;7;1540.0;0.0;1913;;98105;47.6713;-122.3;1790.0;4000.0;2014-12-22;550000.0;9191200380;15335;1;9999.0;;Not reformed;Seattle
20122;9191200490;4.0;3.25;3230.0;5000.0;1.5;0.0;0.0;4;7;1750.0;1480.0;1916;;98105;47.6702;-122.3;1730.0;4000.0;2015-03-24;826600.0;9191200490;7854;1;9999.0;;Not reformed;Seattle
20123;9191201250;5.0;2.0;2600.0;3750.0;1.5;0.0;0.0;4;6;1400.0;1200.0;1914;;98105;47.6691;-122.299;1700.0;3750.0;2015-01-07;580000.0;9191201250;8805;1;9999.0;;Not reformed;Seattle
20126;9191201790;3.0;1.75;1590.0;2500.0;1.5;0.0;0.0;4;7;1190.0;400.0;1908;;98105;47.6668;-122.299;1420.0;3800.0;2014-10-31;556000.0;9191201790;3262;1;9999.0;;Not reformed;Seattle
20160;9209900270;2.0;1.0;1060.0;4228.0;1.0;0.0;0.0;3;7;860.0;;1906;;98112;47.6231;-122.293;1060.0;4187.0;2015-02-05;515000.0;9209900270;1074;1;9999.0;;Not reformed;Seattle
20161;9209900315;3.0;1.5;1320.0;4400.0;1.0;0.0;0.0;3;6;1320.0;0.0;1909;;98112;47.6231;-122.292;1350.0;4400.0;2014-08-11;350000.0;9209900315;3118;1;9999.0;;Not reformed;Seattle
20162;9209900335;2.0;1.0;1150.0;4400.0;1.0;0.0;0.0;4;7;1150.0;0.0;1905;;98112;47.6226;-122.292;1240.0;4400.0;2014-05-09;463000.0;9209900335;10903;1;9999.0;;Not reformed;Seattle
20380;9270200160;3.0;1.0;1570.0;2280.0;2.0;0.0;0.0;3;7;1570.0;0.0;1922;;98119;47.6413;-122.364;1580.0;2640.0;2014-10-28;685000.0;9270200160;44;1;9999.0;;Not reformed;Seattle
20700;9390700095;2.0;1.0;770.0;2971.0;1.0;0.0;2.0;3;7;770.0;0.0;1923;;98102;47.6358;-122.322;1440.0;4000.0;2014-08-08;407500.0;9390700095;17433;1;9999.0;;Not reformed;Seattle
20701;9390700100;2.0;1.75;1150.0;2723.0;1.0;0.0;0.0;4;7;770.0;380.0;1923;;98102;47.6357;-122.322;1440.0;4000.0;2014-09-10;390000.0;9390700100;3408;1;9999.0;;Not reformed;Seattle
20710;9405800040;4.0;1.75;1890.0;4800.0;1.5;0.0;0.0;3;7;1390.0;500.0;1906;;98119;47.6405;-122.367;1890.0;4800.0;2014-10-16;775000.0;9405800040;14349;1;9999.0;;Not reformed;Seattle
21319;9550202700;2.0;1.75;1390.0;4160.0;1.0;0.0;0.0;5;6;790.0;600.0;1916;;98105;47.6681;-122.324;1090.0;4160.0;2014-12-11;460000.0;9550202700;13082;1;9999.0;;Not reformed;Seattle
21320;9550202730;2.0;1.5;1480.0;3120.0;1.0;0.0;0.0;3;7;930.0;550.0;1914;2007.0;98105;47.6684;-122.323;1000.0;3780.0;2014-10-14;509250.0;9550202730;8561;1;93.0;93.0;Not reformed;Seattle
21321;9550202870;2.0;1.75;1090.0;4590.0;1.0;0.0;0.0;4;7;790.0;300.0;1915;;98105;47.6677;-122.324;1390.0;4080.0;2015-02-09;417000.0;9550202870;3472;1;9999.0;;Not reformed;Seattle
21322;9550203690;5.0;2.75;2590.0;6120.0;2.0;0.0;0.0;3;8;2590.0;0.0;1909;;98105;47.6667;-122.327;1390.0;3060.0;2014-11-20;961000.0;9550203690;9532;1;9999.0;;Not Reformed: Low cost reformations;Seattle
21323;9550204450;3.0;1.5;1890.0;4400.0;1.5;0.0;0.0;5;7;1890.0;0.0;1919;;98105;47.6662;-122.326;1620.0;4080.0;2014-12-19;651000.0;9550204450;16520;1;9999.0;;Not reformed;Seattle
21324;9550204515;2.0;1.0;890.0;3060.0;1.0;0.0;0.0;3;7;770.0;120.0;1910;;98105;47.6663;-122.326;1760.0;4080.0;2014-09-24;542000.0;9550204515;635;1;9999.0;;Not reformed;Seattle
21424;9808100100;5.0;3.25;5370.0;14091.0;2.0;0.0;0.0;3;10;3850.0;1520.0;1918;2008.0;98004;47.6499;-122.216;2410.0;12047.0;2015-02-02;3000000.0;9808100100;2898;1;90.0;90.0;Not Reformed: Low cost reformations;Yarrow Point
21452;9822700190;9.0;4.5;3650.0;5000.0;2.0;0.0;0.0;3;8;2530.0;1120.0;1915;2010.0;98105;47.6604;-122.289;2510.0;5000.0;2014-08-08;1280000.0;9822700190;6074;1;95.0;95.0;Not Reformed: Low cost reformations;Seattle
21453;9822700255;3.0;2.5;1680.0;2000.0;3.0;0.0;0.0;3;9;1680.0;0.0;1909;;98105;47.6604;-122.29;1950.0;5000.0;2014-05-05;670000.0;9822700255;6299;1;9999.0;;Not Reformed: Low cost reformations;Seattle
21454;9822700285;4.0;1.5;1910.0;5000.0;1.5;0.0;0.0;3;7;1610.0;300.0;1912;;98105;47.6597;-122.29;2170.0;5000.0;2014-09-18;657500.0;9822700285;6823;1;9999.0;;Not reformed;Seattle
21493;9828700235;3.0;1.0;1560.0;4500.0;1.5;0.0;0.0;5;7;1560.0;0.0;1915;;98112;47.6204;-122.292;1530.0;4500.0;2015-04-01;669000.0;9828700235;17287;1;9999.0;;Not reformed;Seattle
21495;9828700900;2.0;1.0;1140.0;5400.0;1.0;0.0;0.0;5;7;1140.0;0.0;1908;;98112;47.6205;-122.294;1520.0;4800.0;2014-05-05;549000.0;9828700900;3750;1;9999.0;;Not reformed;Seattle
21496;9828701085;3.0;1.75;2560.0;4800.0;1.0;0.0;0.0;3;7;1280.0;1280.0;1911;;98112;47.6207;-122.295;1620.0;4800.0;2014-10-03;747000.0;9828701085;12716;1;9999.0;;Not reformed;Seattle
21505;9828701690;3.0;2.0;1530.0;3400.0;1.0;0.0;0.0;3;7;990.0;540.0;1907;2014.0;98112;47.6204;-122.296;1880.0;4212.0;2014-08-06;529000.0;9828701690;18471;1;107.0;107.0;Not reformed;Seattle
21536;9828702895;4.0;1.75;2420.0;520.0;1.5;0.0;0.0;3;7;2420.0;0.0;1900;;98112;47.6209;-122.302;1200.0;1170.0;2014-10-22;700000.0;9828702895;15730;1;9999.0;;Not reformed;Seattle
21554;9831200500;5.0;3.75;6810.0;7500.0;2.5;0.0;0.0;3;13;6110.0;700.0;1922;;98102;47.6285;-122.322;2660.0;7500.0;2015-03-04;2480000.0;9831200500;4808;1;9999.0;;Not Reformed: Low cost reformations;Seattle
21555;9831200520;4.0;3.0;3720.0;5000.0;2.5;0.0;0.0;5;9;2720.0;1000.0;1905;;98102;47.6282;-122.322;2610.0;5000.0;2014-10-06;1440000.0;9831200520;11913;1;9999.0;;Not Reformed: Without need for reformation;Seattle
